{"type":"FeatureCollection","features":[{"type":"Feature","properties":{"u":"278505356","v":"9279255469","key":"0","osmid":333789819,"name":"Basey-Sohoton Road","ref":"670","highway":"primary","length":248.11259520684195,"oneway":false},"geometry":{"type":"LineString","coordinates":[[125.070129,11.2897173],[125.06946,11.2875846]]}},{"type":"Feature","properties":{"u":"278505356","v":"8318250119","key":"0","osmid":894884451,"name":"Basey-Sohoton Road","ref":null,"highway":"secondary","length":71.40583123102881,"oneway":false},"geometry":{"type":"LineString","coordinates":[[125.070129,11.2897173],[125.0700791,11.2903576]]}},{"type":"Feature","properties":{"u":"278505356","v":"1170095477","key":"0","osmid":61414431,"name":"Basey-Marabut Road","ref":"670","highway":"primary","length":67.3440714192063,"oneway":false},"geometry":{"type":"LineString","coordinates":[[125.070129,11.2897173],[125.0702348,11.2899632],[125.0702607,11.2900019],[125.0703252,11.2900985],[125.0704469,11.2902292]]}},{"type":"Feature","properties":{"u":"278505358","v":"1107290380","key":"0","osmid":337410401,"name":"Luzviminda Street","ref":null,"highway":"tertiary","length":33.037122417402855,"oneway":false},"geometry":{"type":"LineString","coordinates":[[125.0682322,11.2837497],[125.0685341,11.2837746]]}},{"type":"Feature","properties":{"u":"278505358","v":"1107290307","key":"0","osmid":325737545,"name":"Basey-Sohoton Road","ref":"670","highway":"primary","length":55.234332941878506,"oneway":false},"geometry":{"type":"LineString","coordinates":[[125.0682322,11.2837497],[125.0682586,11.2838341],[125.0683014,11.2839874],[125.0683669,11.2842285]]}},{"type":"Feature","properties":{"u":"278505358","v":"1107290389","key":"0","osmid":325737545,"name":"Basey-Sohoton Road","ref":"670","highway":"primary","length":60.2153101784007,"oneway":false},"geometry":{"type":"LineString","coordinates":[[125.0682322,11.2837497],[125.068244,11.2835919],[125.0682786,11.2832101]]}},{"type":"Feature","properties":{"u":"278505358","v":"2530912165","key":"0","osmid":[245997280,245997281,899728951],"name":"Cag-orom Tres","ref":null,"highway":"service","length":116.39737245670278,"oneway":false},"geometry":{"type":"LineString","coordinates":[[125.0682322,11.2837497],[125.0678899,11.2837351],[125.0678406,11.2837336],[125.0677055,11.2837302],[125.0675775,11.283731],[125.0674742,11.2837579],[125.067375,11.2838198],[125.0672536,11.2839604]]}},{"type":"Feature","properties":{"u":"278505361","v":"1107290236","key":"0","osmid":95489220,"name":"Serafin Marabut Street","ref":null,"highway":"tertiary","length":52.665917393766236,"oneway":false},"geometry":{"type":"LineString","coordinates":[[125.0669888,11.2818259],[125.0671182,11.2817503],[125.0672911,11.2816428],[125.0673715,11.2815456]]}},{"type":"Feature","properties":{"u":"278505361","v":"1107290096","key":"0","osmid":325737545,"name":"Basey-Sohoton Road","ref":"670","highway":"primary","length":54.00953809519616,"oneway":false},"geometry":{"type":"LineString","coordinates":[[125.0669888,11.2818259],[125.0671859,11.2819048],[125.0674289,11.2820459]]}},{"type":"Feature","properties":{"u":"278505361","v":"2534977804","key":"0","osmid":325737545,"name":"Basey-Sohoton Road","ref":"670","highway":"primary","length":212.82479308246502,"oneway":false},"geometry":{"type":"LineString","coordinates":[[125.0669888,11.2818259],[125.0666293,11.2818207],[125.0663933,11.2818746],[125.0662485,11.2819575],[125.0661103,11.2820824],[125.0659709,11.282306],[125.0657791,11.2826414],[125.0656241,11.2829325]]}},{"type":"Feature","properties":{"u":"1107290005","v":"1107290009","key":"0","osmid":337410399,"name":"Serafin Marabut Street","ref":null,"highway":"tertiary","length":55.85993359974192,"oneway":false},"geometry":{"type":"LineString","coordinates":[[125.0708713,11.2838382],[125.0708634,11.2833359]]}},{"type":"Feature","properties":{"u":"1107290005","v":"1107290132","key":"0","osmid":337410401,"name":"Luzviminda Street","ref":null,"highway":"tertiary","length":66.71049992978827,"oneway":false},"geometry":{"type":"LineString","coordinates":[[125.0708713,11.2838382],[125.0702597,11.2838242]]}},{"type":"Feature","properties":{"u":"1107290005","v":"2533972639","key":"0","osmid":[953624613,95489205],"name":null,"ref":null,"highway":"residential","length":116.5865995112246,"oneway":false},"geometry":{"type":"LineString","coordinates":[[125.0708713,11.2838382],[125.07117,11.2838502],[125.0712253,11.2839172],[125.071226,11.2840973],[125.0711,11.2844466],[125.0709795,11.2844377]]}},{"type":"Feature","properties":{"u":"1107290005","v":"2533972626","key":"0","osmid":337410434,"name":null,"ref":null,"highway":"tertiary","length":64.51115262130135,"oneway":false},"geometry":{"type":"LineString","coordinates":[[125.0708713,11.2838382],[125.0709013,11.2843067],[125.0708983,11.2844174]]}},{"type":"Feature","properties":{"u":"1107290007","v":"1107290434","key":"0","osmid":95489157,"name":null,"ref":null,"highway":"residential","length":48.95924173416797,"oneway":false},"geometry":{"type":"LineString","coordinates":[[125.0672294,11.2795436],[125.0671292,11.2796424],[125.0670733,11.2796923],[125.0669671,11.2798938]]}},{"type":"Feature","properties":{"u":"1107290009","v":"1107290327","key":"0","osmid":95489194,"name":"Colonel Luciano A. Abia Street","ref":null,"highway":"residential","length":55.813271305560654,"oneway":false},"geometry":{"type":"LineString","coordinates":[[125.0708634,11.2833359],[125.0703516,11.2833302]]}},{"type":"Feature","properties":{"u":"1107290009","v":"1107290005","key":"0","osmid":337410399,"name":"Serafin Marabut Street","ref":null,"highway":"tertiary","length":55.85993359974192,"oneway":false},"geometry":{"type":"LineString","coordinates":[[125.0708634,11.2833359],[125.0708713,11.2838382]]}},{"type":"Feature","properties":{"u":"1107290009","v":"1107290079","key":"0","osmid":337410399,"name":"Serafin Marabut Street","ref":null,"highway":"tertiary","length":48.42738957487883,"oneway":false},"geometry":{"type":"LineString","coordinates":[[125.0708634,11.2833359],[125.070824,11.2829021]]}},{"type":"Feature","properties":{"u":"1107290013","v":"4644489900","key":"0","osmid":95489187,"name":"San Roque Street","ref":null,"highway":"residential","length":64.27029048061259,"oneway":false},"geometry":{"type":"LineString","coordinates":[[125.0674009,11.2808788],[125.0679875,11.2809349]]}},{"type":"Feature","properties":{"u":"1107290013","v":"2534976942","key":"0","osmid":337410400,"name":"Serafin Marabut Street","ref":null,"highway":"tertiary","length":60.6754733757476,"oneway":false},"geometry":{"type":"LineString","coordinates":[[125.0674009,11.2808788],[125.0673835,11.2814242]]}},{"type":"Feature","properties":{"u":"1107290013","v":"1107290176","key":"0","osmid":337410400,"name":"Serafin Marabut Street","ref":null,"highway":"tertiary","length":43.76617381502325,"oneway":false},"geometry":{"type":"LineString","coordinates":[[125.0674009,11.2808788],[125.0674455,11.280697],[125.0674888,11.2804948]]}},{"type":"Feature","properties":{"u":"1107290024","v":"1107290136","key":"0","osmid":95489202,"name":null,"ref":null,"highway":"tertiary","length":43.20199756959565,"oneway":false},"geometry":{"type":"LineString","coordinates":[[125.0698492,11.2854124],[125.0694559,11.2853656]]}},{"type":"Feature","properties":{"u":"1107290024","v":"2533973394","key":"0","osmid":246351734,"name":"San Fernando Street","ref":null,"highway":"residential","length":45.86676276332321,"oneway":false},"geometry":{"type":"LineString","coordinates":[[125.0698492,11.2854124],[125.0697732,11.2858181]]}},{"type":"Feature","properties":{"u":"1107290024","v":"1107290098","key":"0","osmid":246351734,"name":"San Fernando Street","ref":null,"highway":"residential","length":77.24016107147258,"oneway":false},"geometry":{"type":"LineString","coordinates":[[125.0698492,11.2854124],[125.0700222,11.2847388]]}},{"type":"Feature","properties":{"u":"1107290024","v":"2533972979","key":"0","osmid":246351737,"name":null,"ref":null,"highway":"tertiary","length":136.4604461215023,"oneway":false},"geometry":{"type":"LineString","coordinates":[[125.0698492,11.2854124],[125.0704113,11.2854729],[125.0704904,11.2854493],[125.0707637,11.2849219]]}},{"type":"Feature","properties":{"u":"1107290031","v":"1107290223","key":"0","osmid":95489181,"name":"Trece Martires Street","ref":null,"highway":"residential","length":50.3799367343368,"oneway":false},"geometry":{"type":"LineString","coordinates":[[125.0697661,11.2828077],[125.0693058,11.2827688]]}},{"type":"Feature","properties":{"u":"1107290031","v":"1107290225","key":"0","osmid":95489181,"name":"Trece Martires Street","ref":null,"highway":"residential","length":66.76313508510441,"oneway":false},"geometry":{"type":"LineString","coordinates":[[125.0697661,11.2828077],[125.0703752,11.2828685]]}},{"type":"Feature","properties":{"u":"1107290031","v":"1107290431","key":"0","osmid":246351729,"name":"Suguijon Street","ref":null,"highway":"residential","length":36.25273919729202,"oneway":false},"geometry":{"type":"LineString","coordinates":[[125.0697661,11.2828077],[125.0698066,11.2824841]]}},{"type":"Feature","properties":{"u":"1107290031","v":"1107290091","key":"0","osmid":246351729,"name":"Suguijon Street","ref":null,"highway":"residential","length":57.25258378041467,"oneway":false},"geometry":{"type":"LineString","coordinates":[[125.0697661,11.2828077],[125.0697078,11.2833194]]}},{"type":"Feature","properties":{"u":"1107290039","v":"1107290173","key":"0","osmid":95489171,"name":"San Fernando Street","ref":null,"highway":"residential","length":54.470513913634306,"oneway":false},"geometry":{"type":"LineString","coordinates":[[125.0704151,11.2820682],[125.0704232,11.282558]]}},{"type":"Feature","properties":{"u":"1107290039","v":"1107290360","key":"0","osmid":95489171,"name":"San Fernando Street","ref":null,"highway":"residential","length":74.60358893853531,"oneway":false},"geometry":{"type":"LineString","coordinates":[[125.0704151,11.2820682],[125.0703938,11.2813976]]}},{"type":"Feature","properties":{"u":"1107290039","v":"1107290104","key":"0","osmid":387034277,"name":"Calle Veteranos","ref":null,"highway":"residential","length":41.02958327026718,"oneway":false},"geometry":{"type":"LineString","coordinates":[[125.0704151,11.2820682],[125.0707912,11.2820789]]}},{"type":"Feature","properties":{"u":"1107290039","v":"1107290150","key":"0","osmid":387034277,"name":"Calle Veteranos","ref":null,"highway":"residential","length":59.91892344273818,"oneway":false},"geometry":{"type":"LineString","coordinates":[[125.0704151,11.2820682],[125.0704051,11.2820671],[125.0698688,11.2820103]]}},{"type":"Feature","properties":{"u":"1107290044","v":"12284512686","key":"0","osmid":95489176,"name":null,"ref":null,"highway":"residential","length":61.35788983070684,"oneway":false},"geometry":{"type":"LineString","coordinates":[[125.0700446,11.2806397],[125.0700745,11.2805528],[125.070127,11.2802747],[125.0701558,11.2800997]]}},{"type":"Feature","properties":{"u":"1107290044","v":"1107290409","key":"0","osmid":337410399,"name":"Serafin Marabut Street","ref":null,"highway":"tertiary","length":124.14712452314106,"oneway":false},"geometry":{"type":"LineString","coordinates":[[125.0700446,11.2806397],[125.0701409,11.2806751],[125.0704204,11.2807926],[125.0705789,11.2809356],[125.0706634,11.281075],[125.0707271,11.2814133]]}},{"type":"Feature","properties":{"u":"1107290044","v":"1107290094","key":"0","osmid":337410399,"name":"Serafin Marabut Street","ref":null,"highway":"tertiary","length":33.11243584311225,"oneway":false},"geometry":{"type":"LineString","coordinates":[[125.0700446,11.2806397],[125.069867,11.2805745],[125.0697959,11.2805599],[125.0697554,11.2805516]]}},{"type":"Feature","properties":{"u":"1107290051","v":"1107290144","key":"0","osmid":95489184,"name":null,"ref":null,"highway":"residential","length":43.464828307286616,"oneway":false},"geometry":{"type":"LineString","coordinates":[[125.066416,11.2797167],[125.0667966,11.2798328]]}},{"type":"Feature","properties":{"u":"1107290053","v":"1107290063","key":"0","osmid":246351727,"name":"Bungansakit Street","ref":null,"highway":"residential","length":54.9259553976327,"oneway":false},"geometry":{"type":"LineString","coordinates":[[125.06915,11.2837918],[125.0690605,11.2842779]]}},{"type":"Feature","properties":{"u":"1107290053","v":"1107290131","key":"0","osmid":246351727,"name":"Bungansakit Street","ref":null,"highway":"residential","length":58.270243372908325,"oneway":false},"geometry":{"type":"LineString","coordinates":[[125.06915,11.2837918],[125.0692186,11.2832721]]}},{"type":"Feature","properties":{"u":"1107290053","v":"1107290238","key":"0","osmid":337410401,"name":"Luzviminda Street","ref":null,"highway":"tertiary","length":27.65435385440693,"oneway":false},"geometry":{"type":"LineString","coordinates":[[125.06915,11.2837918],[125.0688965,11.2837847]]}},{"type":"Feature","properties":{"u":"1107290053","v":"1107290365","key":"0","osmid":337410401,"name":"Luzviminda Street","ref":null,"highway":"tertiary","length":55.39590670818257,"oneway":false},"geometry":{"type":"LineString","coordinates":[[125.06915,11.2837918],[125.0696578,11.283806]]}},{"type":"Feature","properties":{"u":"1107290063","v":"1107290088","key":"0","osmid":95489183,"name":null,"ref":null,"highway":"residential","length":58.77882255042105,"oneway":false},"geometry":{"type":"LineString","coordinates":[[125.0690605,11.2842779],[125.0695992,11.2842594]]}},{"type":"Feature","properties":{"u":"1107290063","v":"1107290265","key":"0","osmid":246351727,"name":"Bungansakit Street","ref":null,"highway":"residential","length":37.580777456955175,"oneway":false},"geometry":{"type":"LineString","coordinates":[[125.0690605,11.2842779],[125.0689993,11.2846105]]}},{"type":"Feature","properties":{"u":"1107290063","v":"1107290053","key":"0","osmid":246351727,"name":"Bungansakit Street","ref":null,"highway":"residential","length":54.9259553976327,"oneway":false},"geometry":{"type":"LineString","coordinates":[[125.0690605,11.2842779],[125.06915,11.2837918]]}},{"type":"Feature","properties":{"u":"1107290077","v":"1107290157","key":"0","osmid":95489187,"name":"San Roque Street","ref":null,"highway":"residential","length":30.349399754833208,"oneway":false},"geometry":{"type":"LineString","coordinates":[[125.0688383,11.2810715],[125.0691091,11.2811345]]}},{"type":"Feature","properties":{"u":"1107290077","v":"4644489900","key":"0","osmid":95489187,"name":"San Roque Street","ref":null,"highway":"residential","length":94.01212625106739,"oneway":false},"geometry":{"type":"LineString","coordinates":[[125.0688383,11.2810715],[125.0679875,11.2809349]]}},{"type":"Feature","properties":{"u":"1107290077","v":"1107290271","key":"0","osmid":95489225,"name":"San Lorenzo Ruiz Street","ref":null,"highway":"residential","length":36.50287020449464,"oneway":false},"geometry":{"type":"LineString","coordinates":[[125.0688383,11.2810715],[125.0688934,11.2807477]]}},{"type":"Feature","properties":{"u":"1107290077","v":"1107290138","key":"0","osmid":[95489225,387034277],"name":["Calle Veteranos","San Lorenzo Ruiz Street"],"ref":null,"highway":"residential","length":111.4770571609771,"oneway":false},"geometry":{"type":"LineString","coordinates":[[125.0688383,11.2810715],[125.0687181,11.2817907],[125.0687362,11.2818404],[125.068958,11.2818793]]}},{"type":"Feature","properties":{"u":"1107290079","v":"1107290225","key":"0","osmid":95489181,"name":"Trece Martires Street","ref":null,"highway":"residential","length":49.082264517173144,"oneway":false},"geometry":{"type":"LineString","coordinates":[[125.070824,11.2829021],[125.0703752,11.2828685]]}},{"type":"Feature","properties":{"u":"1107290079","v":"1107290009","key":"0","osmid":337410399,"name":"Serafin Marabut Street","ref":null,"highway":"tertiary","length":48.42738957487883,"oneway":false},"geometry":{"type":"LineString","coordinates":[[125.070824,11.2829021],[125.0708634,11.2833359]]}},{"type":"Feature","properties":{"u":"1107290079","v":"1107290146","key":"0","osmid":337410399,"name":"Serafin Marabut Street","ref":null,"highway":"tertiary","length":35.42723868796116,"oneway":false},"geometry":{"type":"LineString","coordinates":[[125.070824,11.2829021],[125.0708257,11.2825835]]}},{"type":"Feature","properties":{"u":"1107290079","v":"2533971724","key":"0","osmid":95489181,"name":"Trece Martires Street","ref":null,"highway":"residential","length":50.81399683730154,"oneway":false},"geometry":{"type":"LineString","coordinates":[[125.070824,11.2829021],[125.0711951,11.2828861],[125.0712876,11.2829052]]}},{"type":"Feature","properties":{"u":"1107290088","v":"1107290323","key":"0","osmid":95489183,"name":null,"ref":null,"highway":"residential","length":56.72817549734286,"oneway":false},"geometry":{"type":"LineString","coordinates":[[125.0695992,11.2842594],[125.070117,11.2843086]]}},{"type":"Feature","properties":{"u":"1107290088","v":"1107290063","key":"0","osmid":95489183,"name":null,"ref":null,"highway":"residential","length":58.77882255042105,"oneway":false},"geometry":{"type":"LineString","coordinates":[[125.0695992,11.2842594],[125.0690605,11.2842779]]}},{"type":"Feature","properties":{"u":"1107290088","v":"1107290365","key":"0","osmid":246351732,"name":"Suguijon Street","ref":null,"highway":"residential","length":50.81919959934015,"oneway":false},"geometry":{"type":"LineString","coordinates":[[125.0695992,11.2842594],[125.0696578,11.283806]]}},{"type":"Feature","properties":{"u":"1107290088","v":"1107290353","key":"0","osmid":246351732,"name":"Suguijon Street","ref":null,"highway":"residential","length":46.44845213132687,"oneway":false},"geometry":{"type":"LineString","coordinates":[[125.0695992,11.2842594],[125.0695456,11.2846738]]}},{"type":"Feature","properties":{"u":"1107290091","v":"1107290327","key":"0","osmid":95489194,"name":"Colonel Luciano A. Abia Street","ref":null,"highway":"residential","length":70.21399891498565,"oneway":false},"geometry":{"type":"LineString","coordinates":[[125.0697078,11.2833194],[125.0703516,11.2833302]]}},{"type":"Feature","properties":{"u":"1107290091","v":"1107290131","key":"0","osmid":95489194,"name":"Colonel Luciano A. Abia Street","ref":null,"highway":"residential","length":53.60389505523779,"oneway":false},"geometry":{"type":"LineString","coordinates":[[125.0697078,11.2833194],[125.0692186,11.2832721]]}},{"type":"Feature","properties":{"u":"1107290091","v":"1107290031","key":"0","osmid":246351729,"name":"Suguijon Street","ref":null,"highway":"residential","length":57.25258378041467,"oneway":false},"geometry":{"type":"LineString","coordinates":[[125.0697078,11.2833194],[125.0697661,11.2828077]]}},{"type":"Feature","properties":{"u":"1107290091","v":"1107290365","key":"0","osmid":246351732,"name":"Suguijon Street","ref":null,"highway":"residential","length":54.381541086350325,"oneway":false},"geometry":{"type":"LineString","coordinates":[[125.0697078,11.2833194],[125.0696578,11.283806]]}},{"type":"Feature","properties":{"u":"1107290094","v":"1107290416","key":"0","osmid":95489203,"name":null,"ref":null,"highway":"service","length":48.69081173849642,"oneway":false},"geometry":{"type":"LineString","coordinates":[[125.0697554,11.2805516],[125.0698583,11.2801255]]}},{"type":"Feature","properties":{"u":"1107290094","v":"1107290044","key":"0","osmid":337410399,"name":"Serafin Marabut Street","ref":null,"highway":"tertiary","length":33.11243584311225,"oneway":false},"geometry":{"type":"LineString","coordinates":[[125.0697554,11.2805516],[125.0697959,11.2805599],[125.069867,11.2805745],[125.0700446,11.2806397]]}},{"type":"Feature","properties":{"u":"1107290094","v":"12284512666","key":"0","osmid":337410399,"name":"Serafin Marabut Street","ref":null,"highway":"tertiary","length":71.48928689943857,"oneway":false},"geometry":{"type":"LineString","coordinates":[[125.0697554,11.2805516],[125.0692924,11.2804751],[125.06911,11.2804391]]}},{"type":"Feature","properties":{"u":"1107290096","v":"3903824047","key":"0","osmid":325737545,"name":"Basey-Sohoton Road","ref":"670","highway":"primary","length":105.08253837125243,"oneway":false},"geometry":{"type":"LineString","coordinates":[[125.0674289,11.2820459],[125.0680912,11.2824817],[125.0682047,11.2826006]]}},{"type":"Feature","properties":{"u":"1107290096","v":"278505361","key":"0","osmid":325737545,"name":"Basey-Sohoton Road","ref":"670","highway":"primary","length":54.00953809519616,"oneway":false},"geometry":{"type":"LineString","coordinates":[[125.0674289,11.2820459],[125.0671859,11.2819048],[125.0669888,11.2818259]]}},{"type":"Feature","properties":{"u":"1107290096","v":"12283538969","key":"0","osmid":337410433,"name":"Serafin Marabut Street","ref":null,"highway":"tertiary","length":44.91606844593036,"oneway":false},"geometry":{"type":"LineString","coordinates":[[125.0674289,11.2820459],[125.0673905,11.2818694],[125.0673817,11.2816461]]}},{"type":"Feature","properties":{"u":"1107290098","v":"1107290353","key":"0","osmid":95489166,"name":null,"ref":null,"highway":"residential","length":52.471184430549016,"oneway":false},"geometry":{"type":"LineString","coordinates":[[125.0700222,11.2847388],[125.0695456,11.2846738]]}},{"type":"Feature","properties":{"u":"1107290098","v":"1107290024","key":"0","osmid":246351734,"name":"San Fernando Street","ref":null,"highway":"residential","length":77.24016107147258,"oneway":false},"geometry":{"type":"LineString","coordinates":[[125.0700222,11.2847388],[125.0698492,11.2854124]]}},{"type":"Feature","properties":{"u":"1107290098","v":"1107290323","key":"0","osmid":246351734,"name":"San Fernando Street","ref":null,"highway":"residential","length":48.94036028053959,"oneway":false},"geometry":{"type":"LineString","coordinates":[[125.0700222,11.2847388],[125.070117,11.2843086]]}},{"type":"Feature","properties":{"u":"1107290098","v":"7207205231","key":"0","osmid":246351726,"name":null,"ref":null,"highway":"residential","length":61.591638607431506,"oneway":false},"geometry":{"type":"LineString","coordinates":[[125.0700222,11.2847388],[125.0703603,11.2848132],[125.0705714,11.2848678]]}},{"type":"Feature","properties":{"u":"1107290104","v":"1107290146","key":"0","osmid":337410399,"name":"Serafin Marabut Street","ref":null,"highway":"tertiary","length":56.23502153351115,"oneway":false},"geometry":{"type":"LineString","coordinates":[[125.0707912,11.2820789],[125.0708257,11.2825835]]}},{"type":"Feature","properties":{"u":"1107290104","v":"1107290409","key":"0","osmid":337410399,"name":"Serafin Marabut Street","ref":null,"highway":"tertiary","length":74.34078823103006,"oneway":false},"geometry":{"type":"LineString","coordinates":[[125.0707912,11.2820789],[125.0707271,11.2814133]]}},{"type":"Feature","properties":{"u":"1107290104","v":"1107290039","key":"0","osmid":387034277,"name":"Calle Veteranos","ref":null,"highway":"residential","length":41.02958327026718,"oneway":false},"geometry":{"type":"LineString","coordinates":[[125.0707912,11.2820789],[125.0704151,11.2820682]]}},{"type":"Feature","properties":{"u":"1107290104","v":"10258216671","key":"0","osmid":[277023984,387034277],"name":"Calle Veteranos","ref":null,"highway":"residential","length":88.76434144392083,"oneway":false},"geometry":{"type":"LineString","coordinates":[[125.0707912,11.2820789],[125.0715284,11.282081],[125.0715301,11.2821563]]}},{"type":"Feature","properties":{"u":"1107290117","v":"1107290349","key":"0","osmid":95489187,"name":"San Roque Street","ref":null,"highway":"residential","length":35.175240567911246,"oneway":false},"geometry":{"type":"LineString","coordinates":[[125.069971,11.2813237],[125.0696551,11.2812597]]}},{"type":"Feature","properties":{"u":"1107290117","v":"1107290360","key":"0","osmid":245955562,"name":"San Roque Street","ref":null,"highway":"residential","length":46.831472012178104,"oneway":false},"geometry":{"type":"LineString","coordinates":[[125.069971,11.2813237],[125.0703938,11.2813976]]}},{"type":"Feature","properties":{"u":"1107290117","v":"1107290150","key":"0","osmid":246351729,"name":"Suguijon Street","ref":null,"highway":"residential","length":77.15566012663513,"oneway":false},"geometry":{"type":"LineString","coordinates":[[125.069971,11.2813237],[125.0698688,11.2820103]]}},{"type":"Feature","properties":{"u":"1107290131","v":"1107290091","key":"0","osmid":95489194,"name":"Colonel Luciano A. Abia Street","ref":null,"highway":"residential","length":53.60389505523779,"oneway":false},"geometry":{"type":"LineString","coordinates":[[125.0692186,11.2832721],[125.0697078,11.2833194]]}},{"type":"Feature","properties":{"u":"1107290131","v":"1107290421","key":"0","osmid":95489194,"name":"Colonel Luciano A. Abia Street","ref":null,"highway":"residential","length":25.72046773338083,"oneway":false},"geometry":{"type":"LineString","coordinates":[[125.0692186,11.2832721],[125.0689834,11.2832547]]}},{"type":"Feature","properties":{"u":"1107290131","v":"1107290223","key":"0","osmid":95489221,"name":"Bungansakit Street","ref":null,"highway":"residential","length":56.76654923439533,"oneway":false},"geometry":{"type":"LineString","coordinates":[[125.0692186,11.2832721],[125.0693058,11.2827688]]}},{"type":"Feature","properties":{"u":"1107290131","v":"1107290053","key":"0","osmid":246351727,"name":"Bungansakit Street","ref":null,"highway":"residential","length":58.270243372908325,"oneway":false},"geometry":{"type":"LineString","coordinates":[[125.0692186,11.2832721],[125.06915,11.2837918]]}},{"type":"Feature","properties":{"u":"1107290132","v":"1107290323","key":"0","osmid":246351734,"name":"San Fernando Street","ref":null,"highway":"residential","length":56.06559094539208,"oneway":false},"geometry":{"type":"LineString","coordinates":[[125.0702597,11.2838242],[125.070117,11.2843086]]}},{"type":"Feature","properties":{"u":"1107290132","v":"1107290327","key":"0","osmid":246351734,"name":"San Fernando Street","ref":null,"highway":"residential","length":55.83701529065983,"oneway":false},"geometry":{"type":"LineString","coordinates":[[125.0702597,11.2838242],[125.0703516,11.2833302]]}},{"type":"Feature","properties":{"u":"1107290132","v":"1107290365","key":"0","osmid":337410401,"name":"Luzviminda Street","ref":null,"highway":"tertiary","length":65.66578679883023,"oneway":false},"geometry":{"type":"LineString","coordinates":[[125.0702597,11.2838242],[125.0696578,11.283806]]}},{"type":"Feature","properties":{"u":"1107290132","v":"1107290005","key":"0","osmid":337410401,"name":"Luzviminda Street","ref":null,"highway":"tertiary","length":66.71049992978827,"oneway":false},"geometry":{"type":"LineString","coordinates":[[125.0702597,11.2838242],[125.0708713,11.2838382]]}},{"type":"Feature","properties":{"u":"1107290135","v":"1107290418","key":"0","osmid":95489216,"name":"J. Cabañas Street","ref":null,"highway":"residential","length":31.464745558955716,"oneway":false},"geometry":{"type":"LineString","coordinates":[[125.0688518,11.2823393],[125.0691378,11.2823768]]}},{"type":"Feature","properties":{"u":"1107290135","v":"1107290138","key":"0","osmid":246351728,"name":"Pio K. Tabunda Street","ref":null,"highway":"residential","length":52.44434025153746,"oneway":false},"geometry":{"type":"LineString","coordinates":[[125.0688518,11.2823393],[125.068958,11.2818793]]}},{"type":"Feature","properties":{"u":"1107290135","v":"1107290375","key":"0","osmid":246351728,"name":"Pio K. Tabunda Street","ref":null,"highway":"residential","length":43.539791037631915,"oneway":false},"geometry":{"type":"LineString","coordinates":[[125.0688518,11.2823393],[125.0687465,11.282717]]}},{"type":"Feature","properties":{"u":"1107290136","v":"1107290024","key":"0","osmid":95489202,"name":null,"ref":null,"highway":"tertiary","length":43.20199756959565,"oneway":false},"geometry":{"type":"LineString","coordinates":[[125.0694559,11.2853656],[125.0698492,11.2854124]]}},{"type":"Feature","properties":{"u":"1107290136","v":"2533973404","key":"0","osmid":246351732,"name":"Suguijon Street","ref":null,"highway":"residential","length":47.25788908444929,"oneway":false},"geometry":{"type":"LineString","coordinates":[[125.0694559,11.2853656],[125.069402,11.2857873]]}},{"type":"Feature","properties":{"u":"1107290136","v":"1107290299","key":"0","osmid":95489202,"name":null,"ref":null,"highway":"tertiary","length":81.07997550254947,"oneway":false},"geometry":{"type":"LineString","coordinates":[[125.0694559,11.2853656],[125.0694123,11.2853636],[125.0687145,11.2853105]]}},{"type":"Feature","properties":{"u":"1107290136","v":"1107290353","key":"0","osmid":246351732,"name":"Suguijon Street","ref":null,"highway":"residential","length":77.54427012905845,"oneway":false},"geometry":{"type":"LineString","coordinates":[[125.0694559,11.2853656],[125.0695388,11.284729],[125.0695456,11.2846738]]}},{"type":"Feature","properties":{"u":"1107290138","v":"1107290157","key":"0","osmid":246351728,"name":"Pio K. Tabunda Street","ref":null,"highway":"residential","length":84.44126236125607,"oneway":false},"geometry":{"type":"LineString","coordinates":[[125.068958,11.2818793],[125.0691091,11.2811345]]}},{"type":"Feature","properties":{"u":"1107290138","v":"1107290135","key":"0","osmid":246351728,"name":"Pio K. Tabunda Street","ref":null,"highway":"residential","length":52.44434025153746,"oneway":false},"geometry":{"type":"LineString","coordinates":[[125.068958,11.2818793],[125.0688518,11.2823393]]}},{"type":"Feature","properties":{"u":"1107290138","v":"1107290194","key":"0","osmid":387034277,"name":"Calle Veteranos","ref":null,"highway":"residential","length":29.91457955442193,"oneway":false},"geometry":{"type":"LineString","coordinates":[[125.068958,11.2818793],[125.0692282,11.2819258]]}},{"type":"Feature","properties":{"u":"1107290138","v":"1107290077","key":"0","osmid":[95489225,387034277],"name":["Calle Veteranos","San Lorenzo Ruiz Street"],"ref":null,"highway":"residential","length":111.4770571609771,"oneway":false},"geometry":{"type":"LineString","coordinates":[[125.068958,11.2818793],[125.0687362,11.2818404],[125.0687181,11.2817907],[125.0688383,11.2810715]]}},{"type":"Feature","properties":{"u":"1107290144","v":"1107290434","key":"0","osmid":95489184,"name":null,"ref":null,"highway":"residential","length":19.79117056452588,"oneway":false},"geometry":{"type":"LineString","coordinates":[[125.0667966,11.2798328],[125.0669671,11.2798938]]}},{"type":"Feature","properties":{"u":"1107290144","v":"1107290051","key":"0","osmid":95489184,"name":null,"ref":null,"highway":"residential","length":43.464828307286616,"oneway":false},"geometry":{"type":"LineString","coordinates":[[125.0667966,11.2798328],[125.066416,11.2797167]]}},{"type":"Feature","properties":{"u":"1107290144","v":"1107290283","key":"0","osmid":95489215,"name":null,"ref":null,"highway":"residential","length":55.68067398455982,"oneway":false},"geometry":{"type":"LineString","coordinates":[[125.0667966,11.2798328],[125.0668589,11.2796322],[125.066871,11.2795275],[125.0668589,11.2793422]]}},{"type":"Feature","properties":{"u":"1107290146","v":"1107290173","key":"0","osmid":95489216,"name":"J. Cabañas Street","ref":null,"highway":"residential","length":43.982570217002035,"oneway":false},"geometry":{"type":"LineString","coordinates":[[125.0708257,11.2825835],[125.0704232,11.282558]]}},{"type":"Feature","properties":{"u":"1107290146","v":"1107290079","key":"0","osmid":337410399,"name":"Serafin Marabut Street","ref":null,"highway":"tertiary","length":35.42723868796116,"oneway":false},"geometry":{"type":"LineString","coordinates":[[125.0708257,11.2825835],[125.070824,11.2829021]]}},{"type":"Feature","properties":{"u":"1107290146","v":"1107290104","key":"0","osmid":337410399,"name":"Serafin Marabut Street","ref":null,"highway":"tertiary","length":56.23502153351115,"oneway":false},"geometry":{"type":"LineString","coordinates":[[125.0708257,11.2825835],[125.0707912,11.2820789]]}},{"type":"Feature","properties":{"u":"1107290146","v":"10258216671","key":"0","osmid":[95489216,277023984],"name":["J. Cabañas Street","Calle Veteranos"],"ref":null,"highway":"residential","length":120.04499165246793,"oneway":false},"geometry":{"type":"LineString","coordinates":[[125.0708257,11.2825835],[125.0713328,11.2825678],[125.0714937,11.2825651],[125.0715383,11.2825104],[125.0715301,11.2821563]]}},{"type":"Feature","properties":{"u":"1107290150","v":"1107290117","key":"0","osmid":246351729,"name":"Suguijon Street","ref":null,"highway":"residential","length":77.15566012663513,"oneway":false},"geometry":{"type":"LineString","coordinates":[[125.0698688,11.2820103],[125.069971,11.2813237]]}},{"type":"Feature","properties":{"u":"1107290150","v":"1107290191","key":"0","osmid":387034277,"name":"Calle Veteranos","ref":null,"highway":"residential","length":38.302357943071016,"oneway":false},"geometry":{"type":"LineString","coordinates":[[125.0698688,11.2820103],[125.06952,11.2819697]]}},{"type":"Feature","properties":{"u":"1107290150","v":"1107290431","key":"0","osmid":246351729,"name":"Suguijon Street","ref":null,"highway":"residential","length":53.14427071493219,"oneway":false},"geometry":{"type":"LineString","coordinates":[[125.0698688,11.2820103],[125.0698203,11.2824195],[125.0698066,11.2824841]]}},{"type":"Feature","properties":{"u":"1107290150","v":"1107290039","key":"0","osmid":387034277,"name":"Calle Veteranos","ref":null,"highway":"residential","length":59.91892344273818,"oneway":false},"geometry":{"type":"LineString","coordinates":[[125.0698688,11.2820103],[125.0704051,11.2820671],[125.0704151,11.2820682]]}},{"type":"Feature","properties":{"u":"1107290157","v":"1107290425","key":"0","osmid":95489187,"name":"San Roque Street","ref":null,"highway":"residential","length":29.76353940980853,"oneway":false},"geometry":{"type":"LineString","coordinates":[[125.0691091,11.2811345],[125.0693744,11.2811974]]}},{"type":"Feature","properties":{"u":"1107290157","v":"1107290077","key":"0","osmid":95489187,"name":"San Roque Street","ref":null,"highway":"residential","length":30.349399754833208,"oneway":false},"geometry":{"type":"LineString","coordinates":[[125.0691091,11.2811345],[125.0688383,11.2810715]]}},{"type":"Feature","properties":{"u":"1107290157","v":"1107290138","key":"0","osmid":246351728,"name":"Pio K. Tabunda Street","ref":null,"highway":"residential","length":84.44126236125607,"oneway":false},"geometry":{"type":"LineString","coordinates":[[125.0691091,11.2811345],[125.068958,11.2818793]]}},{"type":"Feature","properties":{"u":"1107290159","v":"1107290431","key":"0","osmid":95489216,"name":"J. Cabañas Street","ref":null,"highway":"residential","length":46.04982814166603,"oneway":false},"geometry":{"type":"LineString","coordinates":[[125.0693898,11.2824175],[125.0698066,11.2824841]]}},{"type":"Feature","properties":{"u":"1107290159","v":"1107290418","key":"0","osmid":95489216,"name":"J. Cabañas Street","ref":null,"highway":"residential","length":27.849818858608906,"oneway":false},"geometry":{"type":"LineString","coordinates":[[125.0693898,11.2824175],[125.0691378,11.2823768]]}},{"type":"Feature","properties":{"u":"1107290159","v":"1107290223","key":"0","osmid":95489221,"name":"Bungansakit Street","ref":null,"highway":"residential","length":40.122415734677794,"oneway":false},"geometry":{"type":"LineString","coordinates":[[125.0693898,11.2824175],[125.0693058,11.2827688]]}},{"type":"Feature","properties":{"u":"1107290159","v":"1107290191","key":"0","osmid":95489221,"name":"Bungansakit Street","ref":null,"highway":"residential","length":51.77776493771691,"oneway":false},"geometry":{"type":"LineString","coordinates":[[125.0693898,11.2824175],[125.06952,11.2819697]]}},{"type":"Feature","properties":{"u":"1107290173","v":"1107290225","key":"0","osmid":95489171,"name":"San Fernando Street","ref":null,"highway":"residential","length":34.920577509719365,"oneway":false},"geometry":{"type":"LineString","coordinates":[[125.0704232,11.282558],[125.0703752,11.2828685]]}},{"type":"Feature","properties":{"u":"1107290173","v":"1107290039","key":"0","osmid":95489171,"name":"San Fernando Street","ref":null,"highway":"residential","length":54.470513913634306,"oneway":false},"geometry":{"type":"LineString","coordinates":[[125.0704232,11.282558],[125.0704151,11.2820682]]}},{"type":"Feature","properties":{"u":"1107290173","v":"1107290146","key":"0","osmid":95489216,"name":"J. Cabañas Street","ref":null,"highway":"residential","length":43.982570217002035,"oneway":false},"geometry":{"type":"LineString","coordinates":[[125.0704232,11.282558],[125.0708257,11.2825835]]}},{"type":"Feature","properties":{"u":"1107290173","v":"1107290431","key":"0","osmid":95489216,"name":"J. Cabañas Street","ref":null,"highway":"residential","length":67.73813779003613,"oneway":false},"geometry":{"type":"LineString","coordinates":[[125.0704232,11.282558],[125.0698066,11.2824841]]}},{"type":"Feature","properties":{"u":"1107290176","v":"3903840251","key":"0","osmid":245955561,"name":"San Miguel Street","ref":null,"highway":"residential","length":65.21062237123427,"oneway":false},"geometry":{"type":"LineString","coordinates":[[125.0674888,11.2804948],[125.0680712,11.2806279]]}},{"type":"Feature","properties":{"u":"1107290176","v":"1107290257","key":"0","osmid":337410400,"name":"Serafin Marabut Street","ref":null,"highway":"tertiary","length":40.44182522395128,"oneway":false},"geometry":{"type":"LineString","coordinates":[[125.0674888,11.2804948],[125.0675852,11.2801436]]}},{"type":"Feature","properties":{"u":"1107290176","v":"1107290013","key":"0","osmid":337410400,"name":"Serafin Marabut Street","ref":null,"highway":"tertiary","length":43.76617381502325,"oneway":false},"geometry":{"type":"LineString","coordinates":[[125.0674888,11.2804948],[125.0674455,11.280697],[125.0674009,11.2808788]]}},{"type":"Feature","properties":{"u":"1107290176","v":"1107290352","key":"0","osmid":953624580,"name":"San Miguel Street","ref":null,"highway":"tertiary","length":79.9687868459941,"oneway":false},"geometry":{"type":"LineString","coordinates":[[125.0674888,11.2804948],[125.0673744,11.2804657],[125.0667945,11.2802644]]}},{"type":"Feature","properties":{"u":"1107290183","v":"1107290375","key":"0","osmid":95489181,"name":"Trece Martires Street","ref":null,"highway":"residential","length":35.50715892586635,"oneway":false},"geometry":{"type":"LineString","coordinates":[[125.0690686,11.2827638],[125.0687465,11.282717]]}},{"type":"Feature","properties":{"u":"1107290183","v":"1107290223","key":"0","osmid":95489181,"name":"Trece Martires Street","ref":null,"highway":"residential","length":25.871704194502552,"oneway":false},"geometry":{"type":"LineString","coordinates":[[125.0690686,11.2827638],[125.0693058,11.2827688]]}},{"type":"Feature","properties":{"u":"1107290183","v":"1107290418","key":"0","osmid":246351731,"name":"Katipunan Street","ref":null,"highway":"residential","length":43.68910452159188,"oneway":false},"geometry":{"type":"LineString","coordinates":[[125.0690686,11.2827638],[125.0691378,11.2823768]]}},{"type":"Feature","properties":{"u":"1107290183","v":"1107290421","key":"0","osmid":246351731,"name":"Katipunan Street","ref":null,"highway":"residential","length":55.370682119966254,"oneway":false},"geometry":{"type":"LineString","coordinates":[[125.0690686,11.2827638],[125.0689834,11.2832547]]}},{"type":"Feature","properties":{"u":"1107290189","v":"1107290380","key":"0","osmid":95489159,"name":"Pio K. Tabunda Street","ref":null,"highway":"residential","length":62.0677041992342,"oneway":false},"geometry":{"type":"LineString","coordinates":[[125.0686347,11.2832252],[125.0685341,11.2837746]]}},{"type":"Feature","properties":{"u":"1107290189","v":"1107290421","key":"0","osmid":95489194,"name":"Colonel Luciano A. Abia Street","ref":null,"highway":"residential","length":38.165531718393304,"oneway":false},"geometry":{"type":"LineString","coordinates":[[125.0686347,11.2832252],[125.0689834,11.2832547]]}},{"type":"Feature","properties":{"u":"1107290189","v":"1107290389","key":"0","osmid":95489194,"name":"Colonel Luciano A. Abia Street","ref":null,"highway":"residential","length":38.86753088242955,"oneway":false},"geometry":{"type":"LineString","coordinates":[[125.0686347,11.2832252],[125.0682786,11.2832101]]}},{"type":"Feature","properties":{"u":"1107290189","v":"1107290375","key":"0","osmid":246351728,"name":"Pio K. Tabunda Street","ref":null,"highway":"residential","length":57.80946740222485,"oneway":false},"geometry":{"type":"LineString","coordinates":[[125.0686347,11.2832252],[125.0687465,11.282717]]}},{"type":"Feature","properties":{"u":"1107290191","v":"1107290159","key":"0","osmid":95489221,"name":"Bungansakit Street","ref":null,"highway":"residential","length":51.77776493771691,"oneway":false},"geometry":{"type":"LineString","coordinates":[[125.06952,11.2819697],[125.0693898,11.2824175]]}},{"type":"Feature","properties":{"u":"1107290191","v":"1107290349","key":"0","osmid":95489221,"name":"Bungansakit Street","ref":null,"highway":"residential","length":80.31129680142935,"oneway":false},"geometry":{"type":"LineString","coordinates":[[125.06952,11.2819697],[125.0696551,11.2812597]]}},{"type":"Feature","properties":{"u":"1107290191","v":"1107290150","key":"0","osmid":387034277,"name":"Calle Veteranos","ref":null,"highway":"residential","length":38.302357943071016,"oneway":false},"geometry":{"type":"LineString","coordinates":[[125.06952,11.2819697],[125.0698688,11.2820103]]}},{"type":"Feature","properties":{"u":"1107290191","v":"1107290194","key":"0","osmid":387034277,"name":"Calle Veteranos","ref":null,"highway":"residential","length":32.191991269503276,"oneway":false},"geometry":{"type":"LineString","coordinates":[[125.06952,11.2819697],[125.0692282,11.2819258]]}},{"type":"Feature","properties":{"u":"1107290194","v":"1107290425","key":"0","osmid":246351731,"name":"Katipunan Street","ref":null,"highway":"residential","length":82.54862488211971,"oneway":false},"geometry":{"type":"LineString","coordinates":[[125.0692282,11.2819258],[125.0693744,11.2811974]]}},{"type":"Feature","properties":{"u":"1107290194","v":"1107290418","key":"0","osmid":246351731,"name":"Katipunan Street","ref":null,"highway":"residential","length":51.10867271987566,"oneway":false},"geometry":{"type":"LineString","coordinates":[[125.0692282,11.2819258],[125.0691378,11.2823768]]}},{"type":"Feature","properties":{"u":"1107290194","v":"1107290191","key":"0","osmid":387034277,"name":"Calle Veteranos","ref":null,"highway":"residential","length":32.191991269503276,"oneway":false},"geometry":{"type":"LineString","coordinates":[[125.0692282,11.2819258],[125.06952,11.2819697]]}},{"type":"Feature","properties":{"u":"1107290194","v":"1107290138","key":"0","osmid":387034277,"name":"Calle Veteranos","ref":null,"highway":"residential","length":29.91457955442193,"oneway":false},"geometry":{"type":"LineString","coordinates":[[125.0692282,11.2819258],[125.068958,11.2818793]]}},{"type":"Feature","properties":{"u":"1107290217","v":"1107290257","key":"0","osmid":95489170,"name":null,"ref":null,"highway":"residential","length":37.61385006787023,"oneway":false},"geometry":{"type":"LineString","coordinates":[[125.0676566,11.2798129],[125.0676357,11.279904],[125.0676253,11.2799423],[125.0676148,11.2799874],[125.0675966,11.2800664],[125.0675852,11.2801436]]}},{"type":"Feature","properties":{"u":"1107290223","v":"1107290183","key":"0","osmid":95489181,"name":"Trece Martires Street","ref":null,"highway":"residential","length":25.871704194502552,"oneway":false},"geometry":{"type":"LineString","coordinates":[[125.0693058,11.2827688],[125.0690686,11.2827638]]}},{"type":"Feature","properties":{"u":"1107290223","v":"1107290031","key":"0","osmid":95489181,"name":"Trece Martires Street","ref":null,"highway":"residential","length":50.3799367343368,"oneway":false},"geometry":{"type":"LineString","coordinates":[[125.0693058,11.2827688],[125.0697661,11.2828077]]}},{"type":"Feature","properties":{"u":"1107290223","v":"1107290131","key":"0","osmid":95489221,"name":"Bungansakit Street","ref":null,"highway":"residential","length":56.76654923439533,"oneway":false},"geometry":{"type":"LineString","coordinates":[[125.0693058,11.2827688],[125.0692186,11.2832721]]}},{"type":"Feature","properties":{"u":"1107290223","v":"1107290159","key":"0","osmid":95489221,"name":"Bungansakit Street","ref":null,"highway":"residential","length":40.122415734677794,"oneway":false},"geometry":{"type":"LineString","coordinates":[[125.0693058,11.2827688],[125.0693898,11.2824175]]}},{"type":"Feature","properties":{"u":"1107290225","v":"1107290327","key":"0","osmid":95489171,"name":"San Fernando Street","ref":null,"highway":"residential","length":51.403230864234345,"oneway":false},"geometry":{"type":"LineString","coordinates":[[125.0703752,11.2828685],[125.0703516,11.2833302]]}},{"type":"Feature","properties":{"u":"1107290225","v":"1107290173","key":"0","osmid":95489171,"name":"San Fernando Street","ref":null,"highway":"residential","length":34.920577509719365,"oneway":false},"geometry":{"type":"LineString","coordinates":[[125.0703752,11.2828685],[125.0704232,11.282558]]}},{"type":"Feature","properties":{"u":"1107290225","v":"1107290031","key":"0","osmid":95489181,"name":"Trece Martires Street","ref":null,"highway":"residential","length":66.76313508510441,"oneway":false},"geometry":{"type":"LineString","coordinates":[[125.0703752,11.2828685],[125.0697661,11.2828077]]}},{"type":"Feature","properties":{"u":"1107290225","v":"1107290079","key":"0","osmid":95489181,"name":"Trece Martires Street","ref":null,"highway":"residential","length":49.082264517173144,"oneway":false},"geometry":{"type":"LineString","coordinates":[[125.0703752,11.2828685],[125.070824,11.2829021]]}},{"type":"Feature","properties":{"u":"1107290236","v":"2534976942","key":"0","osmid":337410400,"name":"Serafin Marabut Street","ref":null,"highway":"tertiary","length":13.562358656563669,"oneway":false},"geometry":{"type":"LineString","coordinates":[[125.0673715,11.2815456],[125.0673835,11.2814242]]}},{"type":"Feature","properties":{"u":"1107290236","v":"12283538969","key":"0","osmid":337410433,"name":"Serafin Marabut Street","ref":null,"highway":"tertiary","length":11.230322649464119,"oneway":false},"geometry":{"type":"LineString","coordinates":[[125.0673715,11.2815456],[125.0673817,11.2816461]]}},{"type":"Feature","properties":{"u":"1107290236","v":"278505361","key":"0","osmid":95489220,"name":"Serafin Marabut Street","ref":null,"highway":"tertiary","length":52.665917393766236,"oneway":false},"geometry":{"type":"LineString","coordinates":[[125.0673715,11.2815456],[125.0672911,11.2816428],[125.0671182,11.2817503],[125.0669888,11.2818259]]}},{"type":"Feature","properties":{"u":"1107290238","v":"1107290421","key":"0","osmid":95489212,"name":"Katipunan Street","ref":null,"highway":"residential","length":59.69037653691752,"oneway":false},"geometry":{"type":"LineString","coordinates":[[125.0688965,11.2837847],[125.0689834,11.2832547]]}},{"type":"Feature","properties":{"u":"1107290238","v":"1107290273","key":"0","osmid":95489212,"name":"Katipunan Street","ref":null,"highway":"residential","length":51.69332129881965,"oneway":false},"geometry":{"type":"LineString","coordinates":[[125.0688965,11.2837847],[125.0687959,11.284239]]}},{"type":"Feature","properties":{"u":"1107290238","v":"1107290380","key":"0","osmid":337410401,"name":"Luzviminda Street","ref":null,"highway":"tertiary","length":39.53411421382002,"oneway":false},"geometry":{"type":"LineString","coordinates":[[125.0688965,11.2837847],[125.0685341,11.2837746]]}},{"type":"Feature","properties":{"u":"1107290238","v":"1107290053","key":"0","osmid":337410401,"name":"Luzviminda Street","ref":null,"highway":"tertiary","length":27.65435385440693,"oneway":false},"geometry":{"type":"LineString","coordinates":[[125.0688965,11.2837847],[125.06915,11.2837918]]}},{"type":"Feature","properties":{"u":"1107290250","v":"1107290271","key":"0","osmid":95489225,"name":"San Lorenzo Ruiz Street","ref":null,"highway":"residential","length":38.374336770835605,"oneway":false},"geometry":{"type":"LineString","coordinates":[[125.0689374,11.2804053],[125.0688934,11.2807477]]}},{"type":"Feature","properties":{"u":"1107290250","v":"10038419442","key":"0","osmid":337410399,"name":"Serafin Marabut Street","ref":null,"highway":"tertiary","length":3.3301447440510525,"oneway":false},"geometry":{"type":"LineString","coordinates":[[125.0689374,11.2804053],[125.0689674,11.2804109]]}},{"type":"Feature","properties":{"u":"1107290250","v":"4644485575","key":"0","osmid":337410399,"name":"Serafin Marabut Street","ref":null,"highway":"tertiary","length":49.88720725819008,"oneway":false},"geometry":{"type":"LineString","coordinates":[[125.0689374,11.2804053],[125.0684856,11.2803348]]}},{"type":"Feature","properties":{"u":"1107290257","v":"1107290434","key":"0","osmid":95489184,"name":null,"ref":null,"highway":"residential","length":72.90108883134008,"oneway":false},"geometry":{"type":"LineString","coordinates":[[125.0675852,11.2801436],[125.0669671,11.2798938]]}},{"type":"Feature","properties":{"u":"1107290257","v":"4644489515","key":"0","osmid":337410399,"name":"Serafin Marabut Street","ref":null,"highway":"tertiary","length":61.723891617413784,"oneway":false},"geometry":{"type":"LineString","coordinates":[[125.0675852,11.2801436],[125.068136,11.2802715]]}},{"type":"Feature","properties":{"u":"1107290257","v":"1107290176","key":"0","osmid":337410400,"name":"Serafin Marabut Street","ref":null,"highway":"tertiary","length":40.44182522395128,"oneway":false},"geometry":{"type":"LineString","coordinates":[[125.0675852,11.2801436],[125.0674888,11.2804948]]}},{"type":"Feature","properties":{"u":"1107290257","v":"1107290217","key":"0","osmid":95489170,"name":null,"ref":null,"highway":"residential","length":37.61385006787023,"oneway":false},"geometry":{"type":"LineString","coordinates":[[125.0675852,11.2801436],[125.0675966,11.2800664],[125.0676148,11.2799874],[125.0676253,11.2799423],[125.0676357,11.279904],[125.0676566,11.2798129]]}},{"type":"Feature","properties":{"u":"1107290265","v":"1107290353","key":"0","osmid":95489166,"name":null,"ref":null,"highway":"residential","length":59.98586646799388,"oneway":false},"geometry":{"type":"LineString","coordinates":[[125.0689993,11.2846105],[125.0695456,11.2846738]]}},{"type":"Feature","properties":{"u":"1107290265","v":"8348912269","key":"0","osmid":95489166,"name":null,"ref":null,"highway":"residential","length":58.310662239324,"oneway":false},"geometry":{"type":"LineString","coordinates":[[125.0689993,11.2846105],[125.0684652,11.2845849]]}},{"type":"Feature","properties":{"u":"1107290265","v":"1107290063","key":"0","osmid":246351727,"name":"Bungansakit Street","ref":null,"highway":"residential","length":37.580777456955175,"oneway":false},"geometry":{"type":"LineString","coordinates":[[125.0689993,11.2846105],[125.0690605,11.2842779]]}},{"type":"Feature","properties":{"u":"1107290271","v":"1107290077","key":"0","osmid":95489225,"name":"San Lorenzo Ruiz Street","ref":null,"highway":"residential","length":36.50287020449464,"oneway":false},"geometry":{"type":"LineString","coordinates":[[125.0688934,11.2807477],[125.0688383,11.2810715]]}},{"type":"Feature","properties":{"u":"1107290271","v":"1107290250","key":"0","osmid":95489225,"name":"San Lorenzo Ruiz Street","ref":null,"highway":"residential","length":38.374336770835605,"oneway":false},"geometry":{"type":"LineString","coordinates":[[125.0688934,11.2807477],[125.0689374,11.2804053]]}},{"type":"Feature","properties":{"u":"1107290271","v":"3903840250","key":"0","osmid":245955561,"name":"San Miguel Street","ref":null,"highway":"residential","length":51.13373480177587,"oneway":false},"geometry":{"type":"LineString","coordinates":[[125.0688934,11.2807477],[125.0684279,11.2806923]]}},{"type":"Feature","properties":{"u":"1107290271","v":"12284512644","key":"0","osmid":[470249576,387034281,1327754946],"name":"Front Wing","ref":null,"highway":["footway","steps","service"],"length":73.28348109870518,"oneway":false},"geometry":{"type":"LineString","coordinates":[[125.0688934,11.2807477],[125.0690038,11.280758],[125.0692487,11.2808089],[125.0693744,11.2808379],[125.0695449,11.2808994]]}},{"type":"Feature","properties":{"u":"1107290273","v":"1107290238","key":"0","osmid":95489212,"name":"Katipunan Street","ref":null,"highway":"residential","length":51.69332129881965,"oneway":false},"geometry":{"type":"LineString","coordinates":[[125.0687959,11.284239],[125.0688965,11.2837847]]}},{"type":"Feature","properties":{"u":"1107290283","v":"1107290144","key":"0","osmid":95489215,"name":null,"ref":null,"highway":"residential","length":55.68067398455982,"oneway":false},"geometry":{"type":"LineString","coordinates":[[125.0668589,11.2793422],[125.066871,11.2795275],[125.0668589,11.2796322],[125.0667966,11.2798328]]}},{"type":"Feature","properties":{"u":"1107290299","v":"9279255474","key":"0","osmid":325737545,"name":"Basey-Sohoton Road","ref":"670","highway":"primary","length":20.891991859803042,"oneway":false},"geometry":{"type":"LineString","coordinates":[[125.0687145,11.2853105],[125.0687711,11.28549]]}},{"type":"Feature","properties":{"u":"1107290299","v":"1107290136","key":"0","osmid":95489202,"name":null,"ref":null,"highway":"tertiary","length":81.07997550254947,"oneway":false},"geometry":{"type":"LineString","coordinates":[[125.0687145,11.2853105],[125.0694123,11.2853636],[125.0694559,11.2853656]]}},{"type":"Feature","properties":{"u":"1107290299","v":"8348912269","key":"0","osmid":325737545,"name":"Basey-Sohoton Road","ref":"670","highway":"primary","length":85.14015949892729,"oneway":false},"geometry":{"type":"LineString","coordinates":[[125.0687145,11.2853105],[125.0687102,11.2852988],[125.0684652,11.2845849]]}},{"type":"Feature","properties":{"u":"1107290307","v":"1107290380","key":"0","osmid":95489159,"name":"Pio K. Tabunda Street","ref":null,"highway":"residential","length":53.66366054509718,"oneway":false},"geometry":{"type":"LineString","coordinates":[[125.0683669,11.2842285],[125.0685341,11.2837746]]}},{"type":"Feature","properties":{"u":"1107290307","v":"8348912269","key":"0","osmid":325737545,"name":"Basey-Sohoton Road","ref":"670","highway":"primary","length":41.05401012785795,"oneway":false},"geometry":{"type":"LineString","coordinates":[[125.0683669,11.2842285],[125.0684652,11.2845849]]}},{"type":"Feature","properties":{"u":"1107290307","v":"278505358","key":"0","osmid":325737545,"name":"Basey-Sohoton Road","ref":"670","highway":"primary","length":55.234332941878506,"oneway":false},"geometry":{"type":"LineString","coordinates":[[125.0683669,11.2842285],[125.0683014,11.2839874],[125.0682586,11.2838341],[125.0682322,11.2837497]]}},{"type":"Feature","properties":{"u":"1107290323","v":"1107290088","key":"0","osmid":95489183,"name":null,"ref":null,"highway":"residential","length":56.72817549734286,"oneway":false},"geometry":{"type":"LineString","coordinates":[[125.070117,11.2843086],[125.0695992,11.2842594]]}},{"type":"Feature","properties":{"u":"1107290323","v":"1107290098","key":"0","osmid":246351734,"name":"San Fernando Street","ref":null,"highway":"residential","length":48.94036028053959,"oneway":false},"geometry":{"type":"LineString","coordinates":[[125.070117,11.2843086],[125.0700222,11.2847388]]}},{"type":"Feature","properties":{"u":"1107290323","v":"1107290132","key":"0","osmid":246351734,"name":"San Fernando Street","ref":null,"highway":"residential","length":56.06559094539208,"oneway":false},"geometry":{"type":"LineString","coordinates":[[125.070117,11.2843086],[125.0702597,11.2838242]]}},{"type":"Feature","properties":{"u":"1107290323","v":"12284512626","key":"0","osmid":246351725,"name":null,"ref":null,"highway":"residential","length":70.39662572182179,"oneway":false},"geometry":{"type":"LineString","coordinates":[[125.070117,11.2843086],[125.0705587,11.2843537],[125.0707566,11.2843908]]}},{"type":"Feature","properties":{"u":"1107290327","v":"1107290225","key":"0","osmid":95489171,"name":"San Fernando Street","ref":null,"highway":"residential","length":51.403230864234345,"oneway":false},"geometry":{"type":"LineString","coordinates":[[125.0703516,11.2833302],[125.0703752,11.2828685]]}},{"type":"Feature","properties":{"u":"1107290327","v":"1107290009","key":"0","osmid":95489194,"name":"Colonel Luciano A. Abia Street","ref":null,"highway":"residential","length":55.813271305560654,"oneway":false},"geometry":{"type":"LineString","coordinates":[[125.0703516,11.2833302],[125.0708634,11.2833359]]}},{"type":"Feature","properties":{"u":"1107290327","v":"1107290091","key":"0","osmid":95489194,"name":"Colonel Luciano A. Abia Street","ref":null,"highway":"residential","length":70.21399891498565,"oneway":false},"geometry":{"type":"LineString","coordinates":[[125.0703516,11.2833302],[125.0697078,11.2833194]]}},{"type":"Feature","properties":{"u":"1107290327","v":"1107290132","key":"0","osmid":246351734,"name":"San Fernando Street","ref":null,"highway":"residential","length":55.83701529065983,"oneway":false},"geometry":{"type":"LineString","coordinates":[[125.0703516,11.2833302],[125.0702597,11.2838242]]}},{"type":"Feature","properties":{"u":"1107290349","v":"1107290117","key":"0","osmid":95489187,"name":"San Roque Street","ref":null,"highway":"residential","length":35.175240567911246,"oneway":false},"geometry":{"type":"LineString","coordinates":[[125.0696551,11.2812597],[125.069971,11.2813237]]}},{"type":"Feature","properties":{"u":"1107290349","v":"12284512648","key":"0","osmid":95489187,"name":"San Roque Street","ref":null,"highway":"residential","length":18.96190473865534,"oneway":false},"geometry":{"type":"LineString","coordinates":[[125.0696551,11.2812597],[125.069485,11.2812243]]}},{"type":"Feature","properties":{"u":"1107290349","v":"1107290191","key":"0","osmid":95489221,"name":"Bungansakit Street","ref":null,"highway":"residential","length":80.31129680142935,"oneway":false},"geometry":{"type":"LineString","coordinates":[[125.0696551,11.2812597],[125.06952,11.2819697]]}},{"type":"Feature","properties":{"u":"1107290352","v":"1107290434","key":"0","osmid":95489157,"name":null,"ref":null,"highway":"residential","length":45.303677934822424,"oneway":false},"geometry":{"type":"LineString","coordinates":[[125.0667945,11.2802644],[125.0669671,11.2798938]]}},{"type":"Feature","properties":{"u":"1107290352","v":"1170097794","key":"0","osmid":101337115,"name":null,"ref":null,"highway":"tertiary","length":239.0322747588259,"oneway":false},"geometry":{"type":"LineString","coordinates":[[125.0667945,11.2802644],[125.066219,11.2800584],[125.0657362,11.2798638],[125.0656132,11.2797914],[125.0655582,11.2797172],[125.0655569,11.2795928],[125.0655958,11.2793993],[125.0656042,11.2792676],[125.0656038,11.2791094],[125.0655774,11.2790351],[125.0654975,11.2789522]]}},{"type":"Feature","properties":{"u":"1107290352","v":"1107290176","key":"0","osmid":953624580,"name":"San Miguel Street","ref":null,"highway":"tertiary","length":79.9687868459941,"oneway":false},"geometry":{"type":"LineString","coordinates":[[125.0667945,11.2802644],[125.0673744,11.2804657],[125.0674888,11.2804948]]}},{"type":"Feature","properties":{"u":"1107290353","v":"1107290098","key":"0","osmid":95489166,"name":null,"ref":null,"highway":"residential","length":52.471184430549016,"oneway":false},"geometry":{"type":"LineString","coordinates":[[125.0695456,11.2846738],[125.0700222,11.2847388]]}},{"type":"Feature","properties":{"u":"1107290353","v":"1107290265","key":"0","osmid":95489166,"name":null,"ref":null,"highway":"residential","length":59.98586646799388,"oneway":false},"geometry":{"type":"LineString","coordinates":[[125.0695456,11.2846738],[125.0689993,11.2846105]]}},{"type":"Feature","properties":{"u":"1107290353","v":"1107290088","key":"0","osmid":246351732,"name":"Suguijon Street","ref":null,"highway":"residential","length":46.44845213132687,"oneway":false},"geometry":{"type":"LineString","coordinates":[[125.0695456,11.2846738],[125.0695992,11.2842594]]}},{"type":"Feature","properties":{"u":"1107290353","v":"1107290136","key":"0","osmid":246351732,"name":"Suguijon Street","ref":null,"highway":"residential","length":77.54427012905845,"oneway":false},"geometry":{"type":"LineString","coordinates":[[125.0695456,11.2846738],[125.0695388,11.284729],[125.0694559,11.2853656]]}},{"type":"Feature","properties":{"u":"1107290360","v":"1107290039","key":"0","osmid":95489171,"name":"San Fernando Street","ref":null,"highway":"residential","length":74.60358893853531,"oneway":false},"geometry":{"type":"LineString","coordinates":[[125.0703938,11.2813976],[125.0704151,11.2820682]]}},{"type":"Feature","properties":{"u":"1107290360","v":"1107290409","key":"0","osmid":245955562,"name":"San Roque Street","ref":null,"highway":"residential","length":36.38713268328481,"oneway":false},"geometry":{"type":"LineString","coordinates":[[125.0703938,11.2813976],[125.0707271,11.2814133]]}},{"type":"Feature","properties":{"u":"1107290360","v":"1107290117","key":"0","osmid":245955562,"name":"San Roque Street","ref":null,"highway":"residential","length":46.831472012178104,"oneway":false},"geometry":{"type":"LineString","coordinates":[[125.0703938,11.2813976],[125.069971,11.2813237]]}},{"type":"Feature","properties":{"u":"1107290365","v":"1107290091","key":"0","osmid":246351732,"name":"Suguijon Street","ref":null,"highway":"residential","length":54.381541086350325,"oneway":false},"geometry":{"type":"LineString","coordinates":[[125.0696578,11.283806],[125.0697078,11.2833194]]}},{"type":"Feature","properties":{"u":"1107290365","v":"1107290088","key":"0","osmid":246351732,"name":"Suguijon Street","ref":null,"highway":"residential","length":50.81919959934015,"oneway":false},"geometry":{"type":"LineString","coordinates":[[125.0696578,11.283806],[125.0695992,11.2842594]]}},{"type":"Feature","properties":{"u":"1107290365","v":"1107290053","key":"0","osmid":337410401,"name":"Luzviminda Street","ref":null,"highway":"tertiary","length":55.39590670818257,"oneway":false},"geometry":{"type":"LineString","coordinates":[[125.0696578,11.283806],[125.06915,11.2837918]]}},{"type":"Feature","properties":{"u":"1107290365","v":"1107290132","key":"0","osmid":337410401,"name":"Luzviminda Street","ref":null,"highway":"tertiary","length":65.66578679883023,"oneway":false},"geometry":{"type":"LineString","coordinates":[[125.0696578,11.283806],[125.0702597,11.2838242]]}},{"type":"Feature","properties":{"u":"1107290375","v":"1107290183","key":"0","osmid":95489181,"name":"Trece Martires Street","ref":null,"highway":"residential","length":35.50715892586635,"oneway":false},"geometry":{"type":"LineString","coordinates":[[125.0687465,11.282717],[125.0690686,11.2827638]]}},{"type":"Feature","properties":{"u":"1107290375","v":"1107290135","key":"0","osmid":246351728,"name":"Pio K. Tabunda Street","ref":null,"highway":"residential","length":43.539791037631915,"oneway":false},"geometry":{"type":"LineString","coordinates":[[125.0687465,11.282717],[125.0688518,11.2823393]]}},{"type":"Feature","properties":{"u":"1107290375","v":"1107290189","key":"0","osmid":246351728,"name":"Pio K. Tabunda Street","ref":null,"highway":"residential","length":57.80946740222485,"oneway":false},"geometry":{"type":"LineString","coordinates":[[125.0687465,11.282717],[125.0686347,11.2832252]]}},{"type":"Feature","properties":{"u":"1107290375","v":"3903824047","key":"0","osmid":95489181,"name":"Trece Martires Street","ref":null,"highway":"residential","length":60.48231748135861,"oneway":false},"geometry":{"type":"LineString","coordinates":[[125.0687465,11.282717],[125.0683447,11.2826307],[125.0682047,11.2826006]]}},{"type":"Feature","properties":{"u":"1107290380","v":"1107290189","key":"0","osmid":95489159,"name":"Pio K. Tabunda Street","ref":null,"highway":"residential","length":62.0677041992342,"oneway":false},"geometry":{"type":"LineString","coordinates":[[125.0685341,11.2837746],[125.0686347,11.2832252]]}},{"type":"Feature","properties":{"u":"1107290380","v":"1107290307","key":"0","osmid":95489159,"name":"Pio K. Tabunda Street","ref":null,"highway":"residential","length":53.66366054509718,"oneway":false},"geometry":{"type":"LineString","coordinates":[[125.0685341,11.2837746],[125.0683669,11.2842285]]}},{"type":"Feature","properties":{"u":"1107290380","v":"278505358","key":"0","osmid":337410401,"name":"Luzviminda Street","ref":null,"highway":"tertiary","length":33.037122417402855,"oneway":false},"geometry":{"type":"LineString","coordinates":[[125.0685341,11.2837746],[125.0682322,11.2837497]]}},{"type":"Feature","properties":{"u":"1107290380","v":"1107290238","key":"0","osmid":337410401,"name":"Luzviminda Street","ref":null,"highway":"tertiary","length":39.53411421382002,"oneway":false},"geometry":{"type":"LineString","coordinates":[[125.0685341,11.2837746],[125.0688965,11.2837847]]}},{"type":"Feature","properties":{"u":"1107290389","v":"1107290189","key":"0","osmid":95489194,"name":"Colonel Luciano A. Abia Street","ref":null,"highway":"residential","length":38.86753088242955,"oneway":false},"geometry":{"type":"LineString","coordinates":[[125.0682786,11.2832101],[125.0686347,11.2832252]]}},{"type":"Feature","properties":{"u":"1107290389","v":"1170095364","key":"0","osmid":101337102,"name":null,"ref":null,"highway":"residential","length":26.106240799623425,"oneway":false},"geometry":{"type":"LineString","coordinates":[[125.0682786,11.2832101],[125.0680402,11.2831886]]}},{"type":"Feature","properties":{"u":"1107290389","v":"278505358","key":"0","osmid":325737545,"name":"Basey-Sohoton Road","ref":"670","highway":"primary","length":60.2153101784007,"oneway":false},"geometry":{"type":"LineString","coordinates":[[125.0682786,11.2832101],[125.068244,11.2835919],[125.0682322,11.2837497]]}},{"type":"Feature","properties":{"u":"1107290389","v":"3903824047","key":"0","osmid":325737545,"name":"Basey-Sohoton Road","ref":"670","highway":"primary","length":70.73847690297562,"oneway":false},"geometry":{"type":"LineString","coordinates":[[125.0682786,11.2832101],[125.0683096,11.2829665],[125.0683014,11.282771],[125.0682047,11.2826006]]}},{"type":"Feature","properties":{"u":"1107290409","v":"1107290360","key":"0","osmid":245955562,"name":"San Roque Street","ref":null,"highway":"residential","length":36.38713268328481,"oneway":false},"geometry":{"type":"LineString","coordinates":[[125.0707271,11.2814133],[125.0703938,11.2813976]]}},{"type":"Feature","properties":{"u":"1107290409","v":"1107290104","key":"0","osmid":337410399,"name":"Serafin Marabut Street","ref":null,"highway":"tertiary","length":74.34078823103006,"oneway":false},"geometry":{"type":"LineString","coordinates":[[125.0707271,11.2814133],[125.0707912,11.2820789]]}},{"type":"Feature","properties":{"u":"1107290409","v":"12284512686","key":"0","osmid":[245955562,1327754955],"name":"San Roque Street","ref":null,"highway":["residential","path"],"length":238.62096239246458,"oneway":false},"geometry":{"type":"LineString","coordinates":[[125.0707271,11.2814133],[125.0710522,11.2813957],[125.0712141,11.2813601],[125.0711319,11.2811639],[125.0709256,11.2808086],[125.0706641,11.2804996],[125.0703447,11.280215],[125.0701558,11.2800997]]}},{"type":"Feature","properties":{"u":"1107290409","v":"1107290044","key":"0","osmid":337410399,"name":"Serafin Marabut Street","ref":null,"highway":"tertiary","length":124.14712452314107,"oneway":false},"geometry":{"type":"LineString","coordinates":[[125.0707271,11.2814133],[125.0706634,11.281075],[125.0705789,11.2809356],[125.0704204,11.2807926],[125.0701409,11.2806751],[125.0700446,11.2806397]]}},{"type":"Feature","properties":{"u":"1107290416","v":"1107290094","key":"0","osmid":95489203,"name":null,"ref":null,"highway":"service","length":48.69081173849642,"oneway":false},"geometry":{"type":"LineString","coordinates":[[125.0698583,11.2801255],[125.0697554,11.2805516]]}},{"type":"Feature","properties":{"u":"1107290418","v":"1107290159","key":"0","osmid":95489216,"name":"J. Cabañas Street","ref":null,"highway":"residential","length":27.849818858608906,"oneway":false},"geometry":{"type":"LineString","coordinates":[[125.0691378,11.2823768],[125.0693898,11.2824175]]}},{"type":"Feature","properties":{"u":"1107290418","v":"1107290135","key":"0","osmid":95489216,"name":"J. Cabañas Street","ref":null,"highway":"residential","length":31.464745558955716,"oneway":false},"geometry":{"type":"LineString","coordinates":[[125.0691378,11.2823768],[125.0688518,11.2823393]]}},{"type":"Feature","properties":{"u":"1107290418","v":"1107290194","key":"0","osmid":246351731,"name":"Katipunan Street","ref":null,"highway":"residential","length":51.10867271987566,"oneway":false},"geometry":{"type":"LineString","coordinates":[[125.0691378,11.2823768],[125.0692282,11.2819258]]}},{"type":"Feature","properties":{"u":"1107290418","v":"1107290183","key":"0","osmid":246351731,"name":"Katipunan Street","ref":null,"highway":"residential","length":43.68910452159188,"oneway":false},"geometry":{"type":"LineString","coordinates":[[125.0691378,11.2823768],[125.0690686,11.2827638]]}},{"type":"Feature","properties":{"u":"1107290421","v":"1107290131","key":"0","osmid":95489194,"name":"Colonel Luciano A. Abia Street","ref":null,"highway":"residential","length":25.72046773338083,"oneway":false},"geometry":{"type":"LineString","coordinates":[[125.0689834,11.2832547],[125.0692186,11.2832721]]}},{"type":"Feature","properties":{"u":"1107290421","v":"1107290189","key":"0","osmid":95489194,"name":"Colonel Luciano A. Abia Street","ref":null,"highway":"residential","length":38.165531718393304,"oneway":false},"geometry":{"type":"LineString","coordinates":[[125.0689834,11.2832547],[125.0686347,11.2832252]]}},{"type":"Feature","properties":{"u":"1107290421","v":"1107290238","key":"0","osmid":95489212,"name":"Katipunan Street","ref":null,"highway":"residential","length":59.69037653691752,"oneway":false},"geometry":{"type":"LineString","coordinates":[[125.0689834,11.2832547],[125.0688965,11.2837847]]}},{"type":"Feature","properties":{"u":"1107290421","v":"1107290183","key":"0","osmid":246351731,"name":"Katipunan Street","ref":null,"highway":"residential","length":55.370682119966254,"oneway":false},"geometry":{"type":"LineString","coordinates":[[125.0689834,11.2832547],[125.0690686,11.2827638]]}},{"type":"Feature","properties":{"u":"1107290425","v":"12284512648","key":"0","osmid":95489187,"name":"San Roque Street","ref":null,"highway":"residential","length":12.425944988916527,"oneway":false},"geometry":{"type":"LineString","coordinates":[[125.0693744,11.2811974],[125.069485,11.2812243]]}},{"type":"Feature","properties":{"u":"1107290425","v":"1107290157","key":"0","osmid":95489187,"name":"San Roque Street","ref":null,"highway":"residential","length":29.76353940980853,"oneway":false},"geometry":{"type":"LineString","coordinates":[[125.0693744,11.2811974],[125.0691091,11.2811345]]}},{"type":"Feature","properties":{"u":"1107290425","v":"1107290194","key":"0","osmid":246351731,"name":"Katipunan Street","ref":null,"highway":"residential","length":82.54862488211971,"oneway":false},"geometry":{"type":"LineString","coordinates":[[125.0693744,11.2811974],[125.0692282,11.2819258]]}},{"type":"Feature","properties":{"u":"1107290431","v":"1107290173","key":"0","osmid":95489216,"name":"J. Cabañas Street","ref":null,"highway":"residential","length":67.73813779003613,"oneway":false},"geometry":{"type":"LineString","coordinates":[[125.0698066,11.2824841],[125.0704232,11.282558]]}},{"type":"Feature","properties":{"u":"1107290431","v":"1107290159","key":"0","osmid":95489216,"name":"J. Cabañas Street","ref":null,"highway":"residential","length":46.04982814166603,"oneway":false},"geometry":{"type":"LineString","coordinates":[[125.0698066,11.2824841],[125.0693898,11.2824175]]}},{"type":"Feature","properties":{"u":"1107290431","v":"1107290031","key":"0","osmid":246351729,"name":"Suguijon Street","ref":null,"highway":"residential","length":36.25273919729202,"oneway":false},"geometry":{"type":"LineString","coordinates":[[125.0698066,11.2824841],[125.0697661,11.2828077]]}},{"type":"Feature","properties":{"u":"1107290431","v":"1107290150","key":"0","osmid":246351729,"name":"Suguijon Street","ref":null,"highway":"residential","length":53.14427071493219,"oneway":false},"geometry":{"type":"LineString","coordinates":[[125.0698066,11.2824841],[125.0698203,11.2824195],[125.0698688,11.2820103]]}},{"type":"Feature","properties":{"u":"1107290434","v":"1107290352","key":"0","osmid":95489157,"name":null,"ref":null,"highway":"residential","length":45.303677934822424,"oneway":false},"geometry":{"type":"LineString","coordinates":[[125.0669671,11.2798938],[125.0667945,11.2802644]]}},{"type":"Feature","properties":{"u":"1107290434","v":"1107290257","key":"0","osmid":95489184,"name":null,"ref":null,"highway":"residential","length":72.90108883134008,"oneway":false},"geometry":{"type":"LineString","coordinates":[[125.0669671,11.2798938],[125.0675852,11.2801436]]}},{"type":"Feature","properties":{"u":"1107290434","v":"1107290144","key":"0","osmid":95489184,"name":null,"ref":null,"highway":"residential","length":19.79117056452588,"oneway":false},"geometry":{"type":"LineString","coordinates":[[125.0669671,11.2798938],[125.0667966,11.2798328]]}},{"type":"Feature","properties":{"u":"1107290434","v":"1107290007","key":"0","osmid":95489157,"name":null,"ref":null,"highway":"residential","length":48.959241734167975,"oneway":false},"geometry":{"type":"LineString","coordinates":[[125.0669671,11.2798938],[125.0670733,11.2796923],[125.0671292,11.2796424],[125.0672294,11.2795436]]}},{"type":"Feature","properties":{"u":"1170095364","v":"1107290389","key":"0","osmid":101337102,"name":null,"ref":null,"highway":"residential","length":26.106240799623425,"oneway":false},"geometry":{"type":"LineString","coordinates":[[125.0680402,11.2831886],[125.0682786,11.2832101]]}},{"type":"Feature","properties":{"u":"1170095477","v":"278505356","key":"0","osmid":61414431,"name":"Basey-Marabut Road","ref":"670","highway":"primary","length":67.34407141920629,"oneway":false},"geometry":{"type":"LineString","coordinates":[[125.0704469,11.2902292],[125.0703252,11.2900985],[125.0702607,11.2900019],[125.0702348,11.2899632],[125.070129,11.2897173]]}},{"type":"Feature","properties":{"u":"1170095477","v":"8318250119","key":"0","osmid":101337099,"name":null,"ref":null,"highway":"primary_link","length":44.635921176642746,"oneway":false},"geometry":{"type":"LineString","coordinates":[[125.0704469,11.2902292],[125.0703577,11.2902169],[125.0702826,11.2902274],[125.0702048,11.2902721],[125.070141,11.2903102],[125.0700791,11.2903576]]}},{"type":"Feature","properties":{"u":"1170095923","v":"2534977804","key":"0","osmid":246457390,"name":null,"ref":null,"highway":"residential","length":39.570156575664555,"oneway":false},"geometry":{"type":"LineString","coordinates":[[125.0659696,11.2830413],[125.0656241,11.2829325]]}},{"type":"Feature","properties":{"u":"1170097794","v":"1107290352","key":"0","osmid":101337115,"name":null,"ref":null,"highway":"tertiary","length":239.03227475882596,"oneway":false},"geometry":{"type":"LineString","coordinates":[[125.0654975,11.2789522],[125.0655774,11.2790351],[125.0656038,11.2791094],[125.0656042,11.2792676],[125.0655958,11.2793993],[125.0655569,11.2795928],[125.0655582,11.2797172],[125.0656132,11.2797914],[125.0657362,11.2798638],[125.066219,11.2800584],[125.0667945,11.2802644]]}},{"type":"Feature","properties":{"u":"1170097794","v":"2531572912","key":"0","osmid":387040462,"name":null,"ref":null,"highway":"service","length":58.75796133197244,"oneway":false},"geometry":{"type":"LineString","coordinates":[[125.0654975,11.2789522],[125.0654649,11.2790238],[125.0654344,11.2790754],[125.0653768,11.2791904],[125.0652929,11.2794394]]}},{"type":"Feature","properties":{"u":"2530912165","v":"278505358","key":"0","osmid":[245997280,245997281,899728951],"name":"Cag-orom Tres","ref":null,"highway":"service","length":116.39737245670278,"oneway":false},"geometry":{"type":"LineString","coordinates":[[125.0672536,11.2839604],[125.067375,11.2838198],[125.0674742,11.2837579],[125.0675775,11.283731],[125.0677055,11.2837302],[125.0678406,11.2837336],[125.0678899,11.2837351],[125.0682322,11.2837497]]}},{"type":"Feature","properties":{"u":"2530912165","v":"8826483207","key":"0","osmid":245997281,"name":null,"ref":null,"highway":"service","length":85.12110855796017,"oneway":false},"geometry":{"type":"LineString","coordinates":[[125.0672536,11.2839604],[125.0671953,11.2841091],[125.0671336,11.2846404],[125.0671305,11.2847118]]}},{"type":"Feature","properties":{"u":"2530912165","v":"12284509545","key":"0","osmid":[1327755776,1327755777,1327755778,1327755779,1327755780],"name":null,"ref":null,"highway":"footway","length":220.52174241830554,"oneway":false},"geometry":{"type":"LineString","coordinates":[[125.0672536,11.2839604],[125.0672516,11.2840644],[125.0671879,11.2845924],[125.0671785,11.2847673],[125.0671899,11.2848857],[125.067198,11.2850041],[125.0671872,11.2851336],[125.0671632,11.2852528],[125.0671463,11.2853362],[125.0670826,11.2854927],[125.0670183,11.2855814],[125.0668902,11.285634],[125.0667708,11.2856386],[125.066711,11.285605]]}},{"type":"Feature","properties":{"u":"2531572912","v":"1170097794","key":"0","osmid":387040462,"name":null,"ref":null,"highway":"service","length":58.75796133197243,"oneway":false},"geometry":{"type":"LineString","coordinates":[[125.0652929,11.2794394],[125.0653768,11.2791904],[125.0654344,11.2790754],[125.0654649,11.2790238],[125.0654975,11.2789522]]}},{"type":"Feature","properties":{"u":"2533971724","v":"1107290079","key":"0","osmid":95489181,"name":"Trece Martires Street","ref":null,"highway":"residential","length":50.81399683730154,"oneway":false},"geometry":{"type":"LineString","coordinates":[[125.0712876,11.2829052],[125.0711951,11.2828861],[125.070824,11.2829021]]}},{"type":"Feature","properties":{"u":"2533972626","v":"12284512626","key":"0","osmid":246351725,"name":null,"ref":null,"highway":"residential","length":15.732285897542889,"oneway":false},"geometry":{"type":"LineString","coordinates":[[125.0708983,11.2844174],[125.0707566,11.2843908]]}},{"type":"Feature","properties":{"u":"2533972626","v":"2533972639","key":"0","osmid":337410434,"name":null,"ref":null,"highway":"tertiary","length":9.137681426451305,"oneway":false},"geometry":{"type":"LineString","coordinates":[[125.0708983,11.2844174],[125.0709795,11.2844377]]}},{"type":"Feature","properties":{"u":"2533972626","v":"1107290005","key":"0","osmid":337410434,"name":null,"ref":null,"highway":"tertiary","length":64.51115262130135,"oneway":false},"geometry":{"type":"LineString","coordinates":[[125.0708983,11.2844174],[125.0709013,11.2843067],[125.0708713,11.2838382]]}},{"type":"Feature","properties":{"u":"2533972639","v":"2533972626","key":"0","osmid":337410434,"name":null,"ref":null,"highway":"tertiary","length":9.137681426451305,"oneway":false},"geometry":{"type":"LineString","coordinates":[[125.0709795,11.2844377],[125.0708983,11.2844174]]}},{"type":"Feature","properties":{"u":"2533972639","v":"2533972979","key":"0","osmid":246351737,"name":null,"ref":null,"highway":"tertiary","length":58.77413953156402,"oneway":false},"geometry":{"type":"LineString","coordinates":[[125.0709795,11.2844377],[125.070938,11.2845251],[125.0708937,11.2846157],[125.0707637,11.2849219]]}},{"type":"Feature","properties":{"u":"2533972639","v":"1107290005","key":"0","osmid":[953624613,95489205],"name":null,"ref":null,"highway":"residential","length":116.58659951122462,"oneway":false},"geometry":{"type":"LineString","coordinates":[[125.0709795,11.2844377],[125.0711,11.2844466],[125.071226,11.2840973],[125.0712253,11.2839172],[125.07117,11.2838502],[125.0708713,11.2838382]]}},{"type":"Feature","properties":{"u":"2533972979","v":"7207205231","key":"0","osmid":246351726,"name":null,"ref":null,"highway":"residential","length":21.835601664822622,"oneway":false},"geometry":{"type":"LineString","coordinates":[[125.0707637,11.2849219],[125.0707126,11.2849036],[125.0705714,11.2848678]]}},{"type":"Feature","properties":{"u":"2533972979","v":"1107290024","key":"0","osmid":246351737,"name":null,"ref":null,"highway":"tertiary","length":136.46044612150226,"oneway":false},"geometry":{"type":"LineString","coordinates":[[125.0707637,11.2849219],[125.0704904,11.2854493],[125.0704113,11.2854729],[125.0698492,11.2854124]]}},{"type":"Feature","properties":{"u":"2533972979","v":"2533972639","key":"0","osmid":246351737,"name":null,"ref":null,"highway":"tertiary","length":58.77413953156402,"oneway":false},"geometry":{"type":"LineString","coordinates":[[125.0707637,11.2849219],[125.0708937,11.2846157],[125.070938,11.2845251],[125.0709795,11.2844377]]}},{"type":"Feature","properties":{"u":"2533973394","v":"1107290024","key":"0","osmid":246351734,"name":"San Fernando Street","ref":null,"highway":"residential","length":45.86676276332321,"oneway":false},"geometry":{"type":"LineString","coordinates":[[125.0697732,11.2858181],[125.0698492,11.2854124]]}},{"type":"Feature","properties":{"u":"2533973404","v":"1107290136","key":"0","osmid":246351732,"name":"Suguijon Street","ref":null,"highway":"residential","length":47.25788908444929,"oneway":false},"geometry":{"type":"LineString","coordinates":[[125.069402,11.2857873],[125.0694559,11.2853656]]}},{"type":"Feature","properties":{"u":"2534976932","v":"2534976942","key":"0","osmid":246457392,"name":null,"ref":null,"highway":"steps","length":76.75215929332222,"oneway":false},"geometry":{"type":"LineString","coordinates":[[125.0666836,11.2813512],[125.0673835,11.2814242]]}},{"type":"Feature","properties":{"u":"2534976942","v":"2534976932","key":"0","osmid":246457392,"name":null,"ref":null,"highway":"steps","length":76.75215929332222,"oneway":false},"geometry":{"type":"LineString","coordinates":[[125.0673835,11.2814242],[125.0666836,11.2813512]]}},{"type":"Feature","properties":{"u":"2534976942","v":"1107290236","key":"0","osmid":337410400,"name":"Serafin Marabut Street","ref":null,"highway":"tertiary","length":13.562358656563669,"oneway":false},"geometry":{"type":"LineString","coordinates":[[125.0673835,11.2814242],[125.0673715,11.2815456]]}},{"type":"Feature","properties":{"u":"2534976942","v":"1107290013","key":"0","osmid":337410400,"name":"Serafin Marabut Street","ref":null,"highway":"tertiary","length":60.6754733757476,"oneway":false},"geometry":{"type":"LineString","coordinates":[[125.0673835,11.2814242],[125.0674009,11.2808788]]}},{"type":"Feature","properties":{"u":"2534977804","v":"1170095923","key":"0","osmid":246457390,"name":null,"ref":null,"highway":"residential","length":39.570156575664555,"oneway":false},"geometry":{"type":"LineString","coordinates":[[125.0656241,11.2829325],[125.0659696,11.2830413]]}},{"type":"Feature","properties":{"u":"2534977804","v":"278505361","key":"0","osmid":325737545,"name":"Basey-Sohoton Road","ref":"670","highway":"primary","length":212.82479308246496,"oneway":false},"geometry":{"type":"LineString","coordinates":[[125.0656241,11.2829325],[125.0657791,11.2826414],[125.0659709,11.282306],[125.0661103,11.2820824],[125.0662485,11.2819575],[125.0663933,11.2818746],[125.0666293,11.2818207],[125.0669888,11.2818259]]}},{"type":"Feature","properties":{"u":"3903783670","v":"12284455398","key":"0","osmid":[387034280,1327754945],"name":"Right Wing","ref":null,"highway":["footway","steps"],"length":26.511314347022456,"oneway":false},"geometry":{"type":"LineString","coordinates":[[125.0696099,11.2805835],[125.0695811,11.2807968],[125.0695734,11.2808188]]}},{"type":"Feature","properties":{"u":"3903824047","v":"1107290375","key":"0","osmid":95489181,"name":"Trece Martires Street","ref":null,"highway":"residential","length":60.48231748135861,"oneway":false},"geometry":{"type":"LineString","coordinates":[[125.0682047,11.2826006],[125.0683447,11.2826307],[125.0687465,11.282717]]}},{"type":"Feature","properties":{"u":"3903824047","v":"1107290389","key":"0","osmid":325737545,"name":"Basey-Sohoton Road","ref":"670","highway":"primary","length":70.73847690297562,"oneway":false},"geometry":{"type":"LineString","coordinates":[[125.0682047,11.2826006],[125.0683014,11.282771],[125.0683096,11.2829665],[125.0682786,11.2832101]]}},{"type":"Feature","properties":{"u":"3903824047","v":"1107290096","key":"0","osmid":325737545,"name":"Basey-Sohoton Road","ref":"670","highway":"primary","length":105.08253837125243,"oneway":false},"geometry":{"type":"LineString","coordinates":[[125.0682047,11.2826006],[125.0680912,11.2824817],[125.0674289,11.2820459]]}},{"type":"Feature","properties":{"u":"3903840250","v":"1107290271","key":"0","osmid":245955561,"name":"San Miguel Street","ref":null,"highway":"residential","length":51.13373480177587,"oneway":false},"geometry":{"type":"LineString","coordinates":[[125.0684279,11.2806923],[125.0688934,11.2807477]]}},{"type":"Feature","properties":{"u":"3903840250","v":"3903840251","key":"0","osmid":245955561,"name":"San Miguel Street","ref":null,"highway":"residential","length":39.55069722888344,"oneway":false},"geometry":{"type":"LineString","coordinates":[[125.0684279,11.2806923],[125.0680712,11.2806279]]}},{"type":"Feature","properties":{"u":"3903840250","v":"4644485575","key":"0","osmid":470250510,"name":null,"ref":null,"highway":"residential","length":40.24711347946466,"oneway":false},"geometry":{"type":"LineString","coordinates":[[125.0684279,11.2806923],[125.0684856,11.2803348]]}},{"type":"Feature","properties":{"u":"3903840251","v":"3903840250","key":"0","osmid":245955561,"name":"San Miguel Street","ref":null,"highway":"residential","length":39.55069722888344,"oneway":false},"geometry":{"type":"LineString","coordinates":[[125.0680712,11.2806279],[125.0684279,11.2806923]]}},{"type":"Feature","properties":{"u":"3903840251","v":"1107290176","key":"0","osmid":245955561,"name":"San Miguel Street","ref":null,"highway":"residential","length":65.21062237123427,"oneway":false},"geometry":{"type":"LineString","coordinates":[[125.0680712,11.2806279],[125.0674888,11.2804948]]}},{"type":"Feature","properties":{"u":"3903840251","v":"4644489515","key":"0","osmid":470251035,"name":null,"ref":null,"highway":"residential","length":40.25497445340411,"oneway":false},"geometry":{"type":"LineString","coordinates":[[125.0680712,11.2806279],[125.068136,11.2802715]]}},{"type":"Feature","properties":{"u":"3903840251","v":"4644489900","key":"0","osmid":470251085,"name":null,"ref":null,"highway":"residential","length":35.33600780819421,"oneway":false},"geometry":{"type":"LineString","coordinates":[[125.0680712,11.2806279],[125.0679875,11.2809349]]}},{"type":"Feature","properties":{"u":"4644485575","v":"1107290250","key":"0","osmid":337410399,"name":"Serafin Marabut Street","ref":null,"highway":"tertiary","length":49.88720725819008,"oneway":false},"geometry":{"type":"LineString","coordinates":[[125.0684856,11.2803348],[125.0689374,11.2804053]]}},{"type":"Feature","properties":{"u":"4644485575","v":"4644489515","key":"0","osmid":337410399,"name":"Serafin Marabut Street","ref":null,"highway":"tertiary","length":38.76716624631396,"oneway":false},"geometry":{"type":"LineString","coordinates":[[125.0684856,11.2803348],[125.068136,11.2802715]]}},{"type":"Feature","properties":{"u":"4644485575","v":"4644485576","key":"0","osmid":470250510,"name":null,"ref":null,"highway":"residential","length":48.50808222833805,"oneway":false},"geometry":{"type":"LineString","coordinates":[[125.0684856,11.2803348],[125.0685517,11.2799034]]}},{"type":"Feature","properties":{"u":"4644485575","v":"3903840250","key":"0","osmid":470250510,"name":null,"ref":null,"highway":"residential","length":40.24711347946466,"oneway":false},"geometry":{"type":"LineString","coordinates":[[125.0684856,11.2803348],[125.0684279,11.2806923]]}},{"type":"Feature","properties":{"u":"4644485576","v":"4644485575","key":"0","osmid":470250510,"name":null,"ref":null,"highway":"residential","length":48.50808222833805,"oneway":false},"geometry":{"type":"LineString","coordinates":[[125.0685517,11.2799034],[125.0684856,11.2803348]]}},{"type":"Feature","properties":{"u":"4644489515","v":"4644485575","key":"0","osmid":337410399,"name":"Serafin Marabut Street","ref":null,"highway":"tertiary","length":38.76716624631396,"oneway":false},"geometry":{"type":"LineString","coordinates":[[125.068136,11.2802715],[125.0684856,11.2803348]]}},{"type":"Feature","properties":{"u":"4644489515","v":"1107290257","key":"0","osmid":337410399,"name":"Serafin Marabut Street","ref":null,"highway":"tertiary","length":61.723891617413784,"oneway":false},"geometry":{"type":"LineString","coordinates":[[125.068136,11.2802715],[125.0675852,11.2801436]]}},{"type":"Feature","properties":{"u":"4644489515","v":"4644489516","key":"0","osmid":470251035,"name":null,"ref":null,"highway":"residential","length":45.948699015360134,"oneway":false},"geometry":{"type":"LineString","coordinates":[[125.068136,11.2802715],[125.0681869,11.2798613]]}},{"type":"Feature","properties":{"u":"4644489515","v":"3903840251","key":"0","osmid":470251035,"name":null,"ref":null,"highway":"residential","length":40.25497445340411,"oneway":false},"geometry":{"type":"LineString","coordinates":[[125.068136,11.2802715],[125.0680712,11.2806279]]}},{"type":"Feature","properties":{"u":"4644489516","v":"4644489515","key":"0","osmid":470251035,"name":null,"ref":null,"highway":"residential","length":45.948699015360134,"oneway":false},"geometry":{"type":"LineString","coordinates":[[125.0681869,11.2798613],[125.068136,11.2802715]]}},{"type":"Feature","properties":{"u":"4644489900","v":"1107290077","key":"0","osmid":95489187,"name":"San Roque Street","ref":null,"highway":"residential","length":94.01212625106739,"oneway":false},"geometry":{"type":"LineString","coordinates":[[125.0679875,11.2809349],[125.0688383,11.2810715]]}},{"type":"Feature","properties":{"u":"4644489900","v":"1107290013","key":"0","osmid":95489187,"name":"San Roque Street","ref":null,"highway":"residential","length":64.27029048061259,"oneway":false},"geometry":{"type":"LineString","coordinates":[[125.0679875,11.2809349],[125.0674009,11.2808788]]}},{"type":"Feature","properties":{"u":"4644489900","v":"3903840251","key":"0","osmid":470251085,"name":null,"ref":null,"highway":"residential","length":35.33600780819421,"oneway":false},"geometry":{"type":"LineString","coordinates":[[125.0679875,11.2809349],[125.0680712,11.2806279]]}},{"type":"Feature","properties":{"u":"7207205231","v":"12284512625","key":"0","osmid":1327754943,"name":null,"ref":null,"highway":"service","length":29.35988801828526,"oneway":false},"geometry":{"type":"LineString","coordinates":[[125.0705714,11.2848678],[125.0704656,11.2851106]]}},{"type":"Feature","properties":{"u":"7207205231","v":"12284512626","key":"0","osmid":1327754944,"name":null,"ref":null,"highway":"service","length":56.754679406094944,"oneway":false},"geometry":{"type":"LineString","coordinates":[[125.0705714,11.2848678],[125.0707566,11.2843908]]}},{"type":"Feature","properties":{"u":"7207205231","v":"1107290098","key":"0","osmid":246351726,"name":null,"ref":null,"highway":"residential","length":61.591638607431506,"oneway":false},"geometry":{"type":"LineString","coordinates":[[125.0705714,11.2848678],[125.0703603,11.2848132],[125.0700222,11.2847388]]}},{"type":"Feature","properties":{"u":"7207205231","v":"2533972979","key":"0","osmid":246351726,"name":null,"ref":null,"highway":"residential","length":21.835601664822622,"oneway":false},"geometry":{"type":"LineString","coordinates":[[125.0705714,11.2848678],[125.0707126,11.2849036],[125.0707637,11.2849219]]}},{"type":"Feature","properties":{"u":"8318250119","v":"278505356","key":"0","osmid":894884451,"name":"Basey-Sohoton Road","ref":null,"highway":"secondary","length":71.40583123102881,"oneway":false},"geometry":{"type":"LineString","coordinates":[[125.0700791,11.2903576],[125.070129,11.2897173]]}},{"type":"Feature","properties":{"u":"8318250119","v":"1170095477","key":"0","osmid":101337099,"name":null,"ref":null,"highway":"primary_link","length":44.63592117664275,"oneway":false},"geometry":{"type":"LineString","coordinates":[[125.0700791,11.2903576],[125.070141,11.2903102],[125.0702048,11.2902721],[125.0702826,11.2902274],[125.0703577,11.2902169],[125.0704469,11.2902292]]}},{"type":"Feature","properties":{"u":"8348912269","v":"1107290265","key":"0","osmid":95489166,"name":null,"ref":null,"highway":"residential","length":58.310662239324,"oneway":false},"geometry":{"type":"LineString","coordinates":[[125.0684652,11.2845849],[125.0689993,11.2846105]]}},{"type":"Feature","properties":{"u":"8348912269","v":"1107290307","key":"0","osmid":325737545,"name":"Basey-Sohoton Road","ref":"670","highway":"primary","length":41.05401012785795,"oneway":false},"geometry":{"type":"LineString","coordinates":[[125.0684652,11.2845849],[125.0683669,11.2842285]]}},{"type":"Feature","properties":{"u":"8348912269","v":"1107290299","key":"0","osmid":325737545,"name":"Basey-Sohoton Road","ref":"670","highway":"primary","length":85.14015949892729,"oneway":false},"geometry":{"type":"LineString","coordinates":[[125.0684652,11.2845849],[125.0687102,11.2852988],[125.0687145,11.2853105]]}},{"type":"Feature","properties":{"u":"8826483202","v":"8826483214","key":"0","osmid":953624583,"name":null,"ref":null,"highway":"footway","length":50.143346135871305,"oneway":false},"geometry":{"type":"LineString","coordinates":[[125.0663122,11.2856021],[125.0663054,11.286053]]}},{"type":"Feature","properties":{"u":"8826483202","v":"12284509545","key":"0","osmid":245997281,"name":null,"ref":null,"highway":"service","length":43.488353334692384,"oneway":false},"geometry":{"type":"LineString","coordinates":[[125.0663122,11.2856021],[125.0664988,11.2856036],[125.066711,11.285605]]}},{"type":"Feature","properties":{"u":"8826483202","v":"8826483207","key":"0","osmid":953624583,"name":null,"ref":null,"highway":"footway","length":168.71293475379187,"oneway":false},"geometry":{"type":"LineString","coordinates":[[125.0663122,11.2856021],[125.0663169,11.2852982],[125.0663054,11.2850803],[125.0665022,11.2848014],[125.0665736,11.2847805],[125.0666272,11.2847924],[125.0667124,11.2847077],[125.0671305,11.2847118]]}},{"type":"Feature","properties":{"u":"8826483207","v":"2530912165","key":"0","osmid":245997281,"name":null,"ref":null,"highway":"service","length":85.12110855796017,"oneway":false},"geometry":{"type":"LineString","coordinates":[[125.0671305,11.2847118],[125.0671336,11.2846404],[125.0671953,11.2841091],[125.0672536,11.2839604]]}},{"type":"Feature","properties":{"u":"8826483207","v":"12284509545","key":"0","osmid":245997281,"name":null,"ref":null,"highway":"service","length":127.62734582331439,"oneway":false},"geometry":{"type":"LineString","coordinates":[[125.0671305,11.2847118],[125.0671325,11.2851857],[125.0670531,11.2854736],[125.0669633,11.2855584],[125.0668493,11.2855939],[125.066711,11.285605]]}},{"type":"Feature","properties":{"u":"8826483207","v":"8826483202","key":"0","osmid":953624583,"name":null,"ref":null,"highway":"footway","length":168.71293475379187,"oneway":false},"geometry":{"type":"LineString","coordinates":[[125.0671305,11.2847118],[125.0667124,11.2847077],[125.0666272,11.2847924],[125.0665736,11.2847805],[125.0665022,11.2848014],[125.0663054,11.2850803],[125.0663169,11.2852982],[125.0663122,11.2856021]]}},{"type":"Feature","properties":{"u":"8826483214","v":"8826483202","key":"0","osmid":953624583,"name":null,"ref":null,"highway":"footway","length":50.143346135871305,"oneway":false},"geometry":{"type":"LineString","coordinates":[[125.0663054,11.286053],[125.0663122,11.2856021]]}},{"type":"Feature","properties":{"u":"9279255469","v":"278505356","key":"0","osmid":333789819,"name":"Basey-Sohoton Road","ref":"670","highway":"primary","length":248.11259520684195,"oneway":false},"geometry":{"type":"LineString","coordinates":[[125.06946,11.2875846],[125.070129,11.2897173]]}},{"type":"Feature","properties":{"u":"9279255469","v":"9279255474","key":"0","osmid":[1005721827,61414428,1005721829],"name":null,"ref":null,"highway":"unclassified","length":245.15664659328098,"oneway":false},"geometry":{"type":"LineString","coordinates":[[125.06946,11.2875846],[125.0690765,11.2864929],[125.0689304,11.2860578],[125.0689199,11.2860186],[125.0687798,11.2856117],[125.0687711,11.28549]]}},{"type":"Feature","properties":{"u":"9279255469","v":"9279255474","key":"1","osmid":[1327755784,1005721828,1327755783],"name":"Basey-Sohoton Road","ref":"670","highway":"primary","length":246.22078067168243,"oneway":false},"geometry":{"type":"LineString","coordinates":[[125.06946,11.2875846],[125.0694422,11.2874154],[125.0694296,11.2872971],[125.069388,11.2871274],[125.0692087,11.2865952],[125.0689475,11.2858219],[125.0689213,11.2857504],[125.0688717,11.2856478],[125.0687711,11.28549]]}},{"type":"Feature","properties":{"u":"9279255474","v":"1107290299","key":"0","osmid":325737545,"name":"Basey-Sohoton Road","ref":"670","highway":"primary","length":20.891991859803042,"oneway":false},"geometry":{"type":"LineString","coordinates":[[125.0687711,11.28549],[125.0687145,11.2853105]]}},{"type":"Feature","properties":{"u":"9279255474","v":"9279255469","key":"0","osmid":[1005721827,61414428,1005721829],"name":null,"ref":null,"highway":"unclassified","length":245.15664659328098,"oneway":false},"geometry":{"type":"LineString","coordinates":[[125.0687711,11.28549],[125.0687798,11.2856117],[125.0689199,11.2860186],[125.0689304,11.2860578],[125.0690765,11.2864929],[125.06946,11.2875846]]}},{"type":"Feature","properties":{"u":"9279255474","v":"9279255469","key":"1","osmid":[1327755784,1005721828,1327755783],"name":"Basey-Sohoton Road","ref":"670","highway":"primary","length":246.22078067168246,"oneway":false},"geometry":{"type":"LineString","coordinates":[[125.0687711,11.28549],[125.0688717,11.2856478],[125.0689213,11.2857504],[125.0689475,11.2858219],[125.0692087,11.2865952],[125.069388,11.2871274],[125.0694296,11.2872971],[125.0694422,11.2874154],[125.06946,11.2875846]]}},{"type":"Feature","properties":{"u":"10038419442","v":"12284512666","key":"0","osmid":337410399,"name":"Serafin Marabut Street","ref":null,"highway":"tertiary","length":15.863106673612554,"oneway":false},"geometry":{"type":"LineString","coordinates":[[125.0689674,11.2804109],[125.06911,11.2804391]]}},{"type":"Feature","properties":{"u":"10038419442","v":"1107290250","key":"0","osmid":337410399,"name":"Serafin Marabut Street","ref":null,"highway":"tertiary","length":3.3301447440510525,"oneway":false},"geometry":{"type":"LineString","coordinates":[[125.0689674,11.2804109],[125.0689374,11.2804053]]}},{"type":"Feature","properties":{"u":"10038419442","v":"12284512675","key":"0","osmid":1096169236,"name":null,"ref":null,"highway":"service","length":18.142094765593715,"oneway":false},"geometry":{"type":"LineString","coordinates":[[125.0689674,11.2804109],[125.068988,11.280249]]}},{"type":"Feature","properties":{"u":"10038419444","v":"12284512670","key":"0","osmid":1096169236,"name":null,"ref":null,"highway":"service","length":16.06877003760916,"oneway":false},"geometry":{"type":"LineString","coordinates":[[125.0693766,11.2800478],[125.0692318,11.280021]]}},{"type":"Feature","properties":{"u":"10258216671","v":"1107290104","key":"0","osmid":[277023984,387034277],"name":"Calle Veteranos","ref":null,"highway":"residential","length":88.76434144392083,"oneway":false},"geometry":{"type":"LineString","coordinates":[[125.0715301,11.2821563],[125.0715284,11.282081],[125.0707912,11.2820789]]}},{"type":"Feature","properties":{"u":"10258216671","v":"1107290146","key":"0","osmid":[277023984,95489216],"name":["J. Cabañas Street","Calle Veteranos"],"ref":null,"highway":"residential","length":120.04499165246793,"oneway":false},"geometry":{"type":"LineString","coordinates":[[125.0715301,11.2821563],[125.0715383,11.2825104],[125.0714937,11.2825651],[125.0713328,11.2825678],[125.0708257,11.2825835]]}},{"type":"Feature","properties":{"u":"12283538966","v":"12283538969","key":"0","osmid":1327716932,"name":null,"ref":null,"highway":"service","length":112.5821611557413,"oneway":false},"geometry":{"type":"LineString","coordinates":[[125.0684023,11.281751],[125.068181,11.2816865],[125.0678243,11.2816471],[125.0673817,11.2816461]]}},{"type":"Feature","properties":{"u":"12283538969","v":"1107290236","key":"0","osmid":337410433,"name":"Serafin Marabut Street","ref":null,"highway":"tertiary","length":11.230322649464119,"oneway":false},"geometry":{"type":"LineString","coordinates":[[125.0673817,11.2816461],[125.0673715,11.2815456]]}},{"type":"Feature","properties":{"u":"12283538969","v":"1107290096","key":"0","osmid":337410433,"name":"Serafin Marabut Street","ref":null,"highway":"tertiary","length":44.91606844593036,"oneway":false},"geometry":{"type":"LineString","coordinates":[[125.0673817,11.2816461],[125.0673905,11.2818694],[125.0674289,11.2820459]]}},{"type":"Feature","properties":{"u":"12283538969","v":"12283538966","key":"0","osmid":1327716932,"name":null,"ref":null,"highway":"service","length":112.5821611557413,"oneway":false},"geometry":{"type":"LineString","coordinates":[[125.0673817,11.2816461],[125.0678243,11.2816471],[125.068181,11.2816865],[125.0684023,11.281751]]}},{"type":"Feature","properties":{"u":"12284455398","v":"12284512644","key":"0","osmid":1327754945,"name":null,"ref":null,"highway":"footway","length":9.485877830292383,"oneway":false},"geometry":{"type":"LineString","coordinates":[[125.0695734,11.2808188],[125.0695449,11.2808994]]}},{"type":"Feature","properties":{"u":"12284455398","v":"12284512604","key":"0","osmid":1327754940,"name":null,"ref":null,"highway":"footway","length":119.78690178343028,"oneway":false},"geometry":{"type":"LineString","coordinates":[[125.0695734,11.2808188],[125.0696891,11.2808159],[125.0700029,11.2807994],[125.0701229,11.2808534],[125.0702161,11.2809198],[125.0704247,11.2809724],[125.0704857,11.2810552],[125.0704709,11.2811539]]}},{"type":"Feature","properties":{"u":"12284455398","v":"3903783670","key":"0","osmid":[387034280,1327754945],"name":"Right Wing","ref":null,"highway":["footway","steps"],"length":26.511314347022456,"oneway":false},"geometry":{"type":"LineString","coordinates":[[125.0695734,11.2808188],[125.0695811,11.2807968],[125.0696099,11.2805835]]}},{"type":"Feature","properties":{"u":"12284509545","v":"8826483207","key":"0","osmid":245997281,"name":null,"ref":null,"highway":"service","length":127.6273458233144,"oneway":false},"geometry":{"type":"LineString","coordinates":[[125.066711,11.285605],[125.0668493,11.2855939],[125.0669633,11.2855584],[125.0670531,11.2854736],[125.0671325,11.2851857],[125.0671305,11.2847118]]}},{"type":"Feature","properties":{"u":"12284509545","v":"8826483202","key":"0","osmid":245997281,"name":null,"ref":null,"highway":"service","length":43.488353334692384,"oneway":false},"geometry":{"type":"LineString","coordinates":[[125.066711,11.285605],[125.0664988,11.2856036],[125.0663122,11.2856021]]}},{"type":"Feature","properties":{"u":"12284509545","v":"2530912165","key":"0","osmid":[1327755776,1327755777,1327755778,1327755779,1327755780],"name":null,"ref":null,"highway":"footway","length":220.52174241830556,"oneway":false},"geometry":{"type":"LineString","coordinates":[[125.066711,11.285605],[125.0667708,11.2856386],[125.0668902,11.285634],[125.0670183,11.2855814],[125.0670826,11.2854927],[125.0671463,11.2853362],[125.0671632,11.2852528],[125.0671872,11.2851336],[125.067198,11.2850041],[125.0671899,11.2848857],[125.0671785,11.2847673],[125.0671879,11.2845924],[125.0672516,11.2840644],[125.0672536,11.2839604]]}},{"type":"Feature","properties":{"u":"12284512604","v":"12284455398","key":"0","osmid":1327754940,"name":null,"ref":null,"highway":"footway","length":119.78690178343028,"oneway":false},"geometry":{"type":"LineString","coordinates":[[125.0704709,11.2811539],[125.0704857,11.2810552],[125.0704247,11.2809724],[125.0702161,11.2809198],[125.0701229,11.2808534],[125.0700029,11.2807994],[125.0696891,11.2808159],[125.0695734,11.2808188]]}},{"type":"Feature","properties":{"u":"12284512625","v":"7207205231","key":"0","osmid":1327754943,"name":null,"ref":null,"highway":"service","length":29.35988801828526,"oneway":false},"geometry":{"type":"LineString","coordinates":[[125.0704656,11.2851106],[125.0705714,11.2848678]]}},{"type":"Feature","properties":{"u":"12284512626","v":"2533972626","key":"0","osmid":246351725,"name":null,"ref":null,"highway":"residential","length":15.732285897542889,"oneway":false},"geometry":{"type":"LineString","coordinates":[[125.0707566,11.2843908],[125.0708983,11.2844174]]}},{"type":"Feature","properties":{"u":"12284512626","v":"7207205231","key":"0","osmid":1327754944,"name":null,"ref":null,"highway":"service","length":56.754679406094944,"oneway":false},"geometry":{"type":"LineString","coordinates":[[125.0707566,11.2843908],[125.0705714,11.2848678]]}},{"type":"Feature","properties":{"u":"12284512626","v":"1107290323","key":"0","osmid":246351725,"name":null,"ref":null,"highway":"residential","length":70.39662572182179,"oneway":false},"geometry":{"type":"LineString","coordinates":[[125.0707566,11.2843908],[125.0705587,11.2843537],[125.070117,11.2843086]]}},{"type":"Feature","properties":{"u":"12284512644","v":"12284455398","key":"0","osmid":1327754945,"name":null,"ref":null,"highway":"footway","length":9.485877830292383,"oneway":false},"geometry":{"type":"LineString","coordinates":[[125.0695449,11.2808994],[125.0695734,11.2808188]]}},{"type":"Feature","properties":{"u":"12284512644","v":"12284512648","key":"0","osmid":[1327754946,1327754947,387034279],"name":"Left Wing","ref":null,"highway":["footway","steps"],"length":36.72705856469913,"oneway":false},"geometry":{"type":"LineString","coordinates":[[125.0695449,11.2808994],[125.069511,11.2810829],[125.0694932,11.2811629],[125.069485,11.2812243]]}},{"type":"Feature","properties":{"u":"12284512644","v":"1107290271","key":"0","osmid":[470249576,387034281,1327754946],"name":"Front Wing","ref":null,"highway":["footway","steps","service"],"length":73.28348109870518,"oneway":false},"geometry":{"type":"LineString","coordinates":[[125.0695449,11.2808994],[125.0693744,11.2808379],[125.0692487,11.2808089],[125.0690038,11.280758],[125.0688934,11.2807477]]}},{"type":"Feature","properties":{"u":"12284512648","v":"1107290349","key":"0","osmid":95489187,"name":"San Roque Street","ref":null,"highway":"residential","length":18.96190473865534,"oneway":false},"geometry":{"type":"LineString","coordinates":[[125.069485,11.2812243],[125.0696551,11.2812597]]}},{"type":"Feature","properties":{"u":"12284512648","v":"1107290425","key":"0","osmid":95489187,"name":"San Roque Street","ref":null,"highway":"residential","length":12.425944988916527,"oneway":false},"geometry":{"type":"LineString","coordinates":[[125.069485,11.2812243],[125.0693744,11.2811974]]}},{"type":"Feature","properties":{"u":"12284512648","v":"12284512644","key":"0","osmid":[1327754946,1327754947,387034279],"name":"Left Wing","ref":null,"highway":["footway","steps"],"length":36.72705856469913,"oneway":false},"geometry":{"type":"LineString","coordinates":[[125.069485,11.2812243],[125.0694932,11.2811629],[125.069511,11.2810829],[125.0695449,11.2808994]]}},{"type":"Feature","properties":{"u":"12284512664","v":"12284512665","key":"0","osmid":1327754951,"name":null,"ref":null,"highway":"footway","length":9.406531302851205,"oneway":false},"geometry":{"type":"LineString","coordinates":[[125.0691546,11.2801925],[125.069139,11.2802757]]}},{"type":"Feature","properties":{"u":"12284512665","v":"12284512664","key":"0","osmid":1327754951,"name":null,"ref":null,"highway":"footway","length":9.406531302851205,"oneway":false},"geometry":{"type":"LineString","coordinates":[[125.069139,11.2802757],[125.0691546,11.2801925]]}},{"type":"Feature","properties":{"u":"12284512665","v":"12284512666","key":"0","osmid":1327754951,"name":null,"ref":null,"highway":"footway","length":18.442428078609847,"oneway":false},"geometry":{"type":"LineString","coordinates":[[125.069139,11.2802757],[125.06911,11.2804391]]}},{"type":"Feature","properties":{"u":"12284512665","v":"12284512674","key":"0","osmid":1327754954,"name":null,"ref":null,"highway":"service","length":14.593318458911567,"oneway":false},"geometry":{"type":"LineString","coordinates":[[125.069139,11.2802757],[125.0692707,11.280299]]}},{"type":"Feature","properties":{"u":"12284512665","v":"12284512675","key":"0","osmid":1327754954,"name":null,"ref":null,"highway":"service","length":16.731614104517853,"oneway":false},"geometry":{"type":"LineString","coordinates":[[125.069139,11.2802757],[125.068988,11.280249]]}},{"type":"Feature","properties":{"u":"12284512666","v":"10038419442","key":"0","osmid":337410399,"name":"Serafin Marabut Street","ref":null,"highway":"tertiary","length":15.863106673612554,"oneway":false},"geometry":{"type":"LineString","coordinates":[[125.06911,11.2804391],[125.0689674,11.2804109]]}},{"type":"Feature","properties":{"u":"12284512666","v":"12284512665","key":"0","osmid":1327754951,"name":null,"ref":null,"highway":"footway","length":18.442428078609847,"oneway":false},"geometry":{"type":"LineString","coordinates":[[125.06911,11.2804391],[125.069139,11.2802757]]}},{"type":"Feature","properties":{"u":"12284512666","v":"1107290094","key":"0","osmid":337410399,"name":"Serafin Marabut Street","ref":null,"highway":"tertiary","length":71.48928689943857,"oneway":false},"geometry":{"type":"LineString","coordinates":[[125.06911,11.2804391],[125.0692924,11.2804751],[125.0697554,11.2805516]]}},{"type":"Feature","properties":{"u":"12284512670","v":"10038419444","key":"0","osmid":1096169236,"name":null,"ref":null,"highway":"service","length":16.06877003760916,"oneway":false},"geometry":{"type":"LineString","coordinates":[[125.0692318,11.280021],[125.0693766,11.2800478]]}},{"type":"Feature","properties":{"u":"12284512670","v":"12284512675","key":"0","osmid":1096169236,"name":null,"ref":null,"highway":"service","length":53.188331351933385,"oneway":false},"geometry":{"type":"LineString","coordinates":[[125.0692318,11.280021],[125.0690219,11.2799822],[125.068988,11.280249]]}},{"type":"Feature","properties":{"u":"12284512674","v":"12284512665","key":"0","osmid":1327754954,"name":null,"ref":null,"highway":"service","length":14.593318458911567,"oneway":false},"geometry":{"type":"LineString","coordinates":[[125.0692707,11.280299],[125.069139,11.2802757]]}},{"type":"Feature","properties":{"u":"12284512675","v":"10038419442","key":"0","osmid":1096169236,"name":null,"ref":null,"highway":"service","length":18.142094765593715,"oneway":false},"geometry":{"type":"LineString","coordinates":[[125.068988,11.280249],[125.0689674,11.2804109]]}},{"type":"Feature","properties":{"u":"12284512675","v":"12284512665","key":"0","osmid":1327754954,"name":null,"ref":null,"highway":"service","length":16.731614104517853,"oneway":false},"geometry":{"type":"LineString","coordinates":[[125.068988,11.280249],[125.069139,11.2802757]]}},{"type":"Feature","properties":{"u":"12284512675","v":"12284512670","key":"0","osmid":1096169236,"name":null,"ref":null,"highway":"service","length":53.188331351933385,"oneway":false},"geometry":{"type":"LineString","coordinates":[[125.068988,11.280249],[125.0690219,11.2799822],[125.0692318,11.280021]]}},{"type":"Feature","properties":{"u":"12284512686","v":"1107290044","key":"0","osmid":95489176,"name":null,"ref":null,"highway":"residential","length":61.35788983070684,"oneway":false},"geometry":{"type":"LineString","coordinates":[[125.0701558,11.2800997],[125.070127,11.2802747],[125.0700745,11.2805528],[125.0700446,11.2806397]]}},{"type":"Feature","properties":{"u":"12284512686","v":"1107290409","key":"0","osmid":[245955562,1327754955],"name":"San Roque Street","ref":null,"highway":["residential","path"],"length":238.6209623924646,"oneway":false},"geometry":{"type":"LineString","coordinates":[[125.0701558,11.2800997],[125.0703447,11.280215],[125.0706641,11.2804996],[125.0709256,11.2808086],[125.0711319,11.2811639],[125.0712141,11.2813601],[125.0710522,11.2813957],[125.0707271,11.2814133]]}}]}